path,line,categories,source
Assets/MainGame/Script/Baseball/Batting.cs,67,dynamic_load,"centerObj = Util.Load(""MainGame/prefabs/BattingViewPrefab/bg/centerBGPrefab"" + Mode.stadiumNum, center.transform, Vector3.zero);// _center;"
Assets/MainGame/Script/Baseball/Batting.cs,69,hierarchy_lookup,"_stand = centerObj.transform.Find(""stand"").gameObject;"
Assets/MainGame/Script/Baseball/Batting.cs,70,hierarchy_lookup,"_field = centerObj.transform.Find(""field"").gameObject;"
Assets/MainGame/Script/Baseball/Batting.cs,75,dynamic_load,"leftObj = Util.Load(""MainGame/prefabs/BattingViewPrefab/bg_side/leftBGPrefab"" + Mode.stadiumNum, left.transform, new Vector3(0, -120, 0));"
Assets/MainGame/Script/Baseball/Batting.cs,77,hierarchy_lookup,"_leftStand = leftObj.transform.Find(""stand"").gameObject;"
Assets/MainGame/Script/Baseball/Batting.cs,78,hierarchy_lookup,"_leftField = leftObj.transform.Find(""field"").gameObject;"
Assets/MainGame/Script/Baseball/Batting.cs,79,hierarchy_lookup,"_leftRunnerPosition = leftObj.transform.Find(""runnerPos"").gameObject;"
Assets/MainGame/Script/Baseball/Batting.cs,84,dynamic_load,"rightObj = Util.Load(""MainGame/prefabs/BattingViewPrefab/bg_side/rightBGPrefab"" + Mode.stadiumNum, right.transform, new Vector3(0, -120, 0));"
Assets/MainGame/Script/Baseball/Batting.cs,86,hierarchy_lookup,"_rightStand = rightObj.transform.Find(""stand"").gameObject;"
Assets/MainGame/Script/Baseball/Batting.cs,87,hierarchy_lookup,"_rightField = rightObj.transform.Find(""field"").gameObject;"
Assets/MainGame/Script/Baseball/Batting.cs,88,hierarchy_lookup,"_rightRunnerPosition = rightObj.transform.Find(""runnerPos"").gameObject;"
Assets/MainGame/Script/Baseball/Batting.cs,93,dynamic_load,"pitcherviewObj = Util.Load(""MainGame/prefabs/BattingViewPrefab/pitcher/pitcherBGPrefab"" + Mode.stadiumNum, pitcherview.transform, new Vector3(0, 0, 0));"
Assets/MainGame/Script/Baseball/Batting.cs,144,tween_transform,"transform.position = new Vector3(BallPlayManager.BATTINGVIEW_CAMERA_INITX + 640, BallPlayManager.BATTINGVIEW_CAMERA_INITY - 80, 8);"
Assets/MainGame/Script/Baseball/Batting.cs,150,tween_transform,"battingViewObj.localPosition = new Vector3(0, 80, 0);"
Assets/MainGame/Script/Baseball/Batting.cs,157,tween_transform,"battingViewObj.localPosition = new Vector3(0, 150, 0);"
Assets/MainGame/Script/Baseball/Batting.cs,169,tween_transform,"transform.localScale = new Vector3(0.95f, 0.95f, 1);"
Assets/MainGame/Script/Baseball/Batting.cs,181,tween_transform,"transform.localScale = new Vector3(0.9f, 0.9f, 1);"
Assets/MainGame/Script/Baseball/Batting.cs,265,tween_transform,"transform.localScale = new Vector3(0.95f, 0.95f, 1);"
Assets/MainGame/Script/Baseball/Batting.cs,269,tween_transform,"transform.localScale = new Vector3(0.9f, 0.9f, 1);"
Assets/MainGame/Script/Baseball/Batting.cs,290,input_gate,manager.pitcher.anim.GetComponent<Renderer>().enabled = false;//.gameObject.SetActive(false);
Assets/MainGame/Script/Baseball/Batting.cs,294,tween_transform,"left.transform.localPosition = new Vector3(0, 0, 0);"
Assets/MainGame/Script/Baseball/Batting.cs,296,tween_transform,"leftObj.transform.localPosition = new Vector3(0, posY, 0);"
Assets/MainGame/Script/Baseball/Batting.cs,304,input_gate,manager.pitcher.anim.GetComponent<Renderer>().enabled = false;//manager.pitcher.gameObject.SetActive(false);
Assets/MainGame/Script/Baseball/Batting.cs,309,tween_transform,"right.transform.localPosition = new Vector3(0, 0, 0);"
Assets/MainGame/Script/Baseball/Batting.cs,311,tween_transform,"rightObj.transform.localPosition = new Vector3(0, posY, 0);"
Assets/MainGame/Script/Baseball/Batting.cs,325,tween_transform,"left.transform.localPosition = new Vector3(-3000, 0, 0);"
Assets/MainGame/Script/Baseball/Batting.cs,328,tween_transform,"right.transform.localPosition = new Vector3(3000, 0, 0);"
Assets/MainGame/Script/Baseball/Batting.cs,366,tween_transform,"_stand.transform.localPosition = new Vector3(0, 226, 0);"
Assets/MainGame/Script/Baseball/Batting.cs,368,tween_transform,"_field.transform.localScale = new Vector3(1, 0.5f, 1);"
Assets/MainGame/Script/Baseball/Batting.cs,369,tween_transform,"_field.transform.localPosition = new Vector3(0, 0, -0.1f);"
Assets/MainGame/Script/Baseball/Batting.cs,370,tween_transform,"_runnerPosition.transform.localPosition = new Vector3(0, 0, 0);"
Assets/MainGame/Script/Baseball/Batting.cs,400,tween_transform,"_stand.transform.localPosition = new Vector3(0, yPos1 += dy1, 0);"
Assets/MainGame/Script/Baseball/Batting.cs,401,tween_transform,"_field.transform.localScale = new Vector3(1, fieldScale += scaleDv, 1);"
Assets/MainGame/Script/Baseball/Batting.cs,402,tween_transform,"_runnerPosition.transform.localPosition = new Vector3(0, yPos2 += dy2, 0);"
Assets/MainGame/Script/Baseball/Batting.cs,403,tween_transform,"pitcher.transform.localPosition = new Vector3(0, pitcherPos += pdy, -2);"
Assets/MainGame/Script/Baseball/Batting.cs,412,tween_transform,"_leftStand.transform.localPosition = new Vector3(-25, 286, 0);"
Assets/MainGame/Script/Baseball/Batting.cs,413,tween_transform,"_leftField.transform.localScale = new Vector3(-1, 0.5f, 1);"
Assets/MainGame/Script/Baseball/Batting.cs,414,tween_transform,"_leftField.transform.localPosition = new Vector3(165, -20, 1);//_leftField.transform.localPosition = new Vector3(165, 66, 1);"
Assets/MainGame/Script/Baseball/Batting.cs,415,tween_transform,"_leftRunnerPosition.transform.localPosition = new Vector3(0, 0, -1);"
Assets/MainGame/Script/Baseball/Batting.cs,445,tween_transform,"_leftStand.transform.localPosition = new Vector3(-25, yPos1 += dy1, 0);"
Assets/MainGame/Script/Baseball/Batting.cs,446,tween_transform,"_leftField.transform.localScale = new Vector3(-1, fieldScale += scaleDv, 1);"
Assets/MainGame/Script/Baseball/Batting.cs,447,tween_transform,"_leftField.transform.localPosition = new Vector3(165, yPos3 += dy3, 1);"
Assets/MainGame/Script/Baseball/Batting.cs,448,tween_transform,"_leftRunnerPosition.transform.localPosition = new Vector3(0, yPos2 += dy2, 0);"
Assets/MainGame/Script/Baseball/Batting.cs,458,tween_transform,"_rightStand.transform.localPosition = new Vector3(25, 286, 0);"
Assets/MainGame/Script/Baseball/Batting.cs,459,tween_transform,"_rightField.transform.localScale = new Vector3(1, 0.5f, 1);"
Assets/MainGame/Script/Baseball/Batting.cs,460,tween_transform,"_rightField.transform.localPosition = new Vector3(-165, -20, 1); //_rightField.transform.localPosition = new Vector3(-165, 66, 1);"
Assets/MainGame/Script/Baseball/Batting.cs,461,tween_transform,"_rightRunnerPosition.transform.localPosition = new Vector3(0, 0, -1);"
Assets/MainGame/Script/Baseball/Batting.cs,491,tween_transform,"_rightStand.transform.localPosition = new Vector3(25, yPos1 += dy1, 0);"
Assets/MainGame/Script/Baseball/Batting.cs,492,tween_transform,"_rightField.transform.localScale = new Vector3(1, fieldScale += scaleDv, 1);"
Assets/MainGame/Script/Baseball/Batting.cs,493,tween_transform,"_rightField.transform.localPosition = new Vector3(-165, yPos3 += dy3, 1);"
Assets/MainGame/Script/Baseball/Batting.cs,494,tween_transform,"_rightRunnerPosition.transform.localPosition = new Vector3(0, yPos2 += dy2, 0);"
Assets/MainGame/Script/Baseball/Batting.cs,506,input_gate,justmeet.GetComponent<Renderer>().enabled = bActive;
Assets/MainGame/Script/Baseball/Batting.cs,507,tween_transform,"justmeet.transform.localScale = new Vector3(scale * 1.15f, scale * 1.15f, 1);"
Assets/MainGame/Script/Baseball/Batting.cs,513,tween_transform,"justmeet.transform.localPosition = new Vector3(0, 474, -0.5f);"
Assets/MainGame/Script/Baseball/Batting.cs,521,input_gate,justmeet.GetComponent<Renderer>().enabled = bActive;
Assets/MainGame/Script/Baseball/Batting.cs,522,tween_transform,justmeet.transform.localScale = scale;
Assets/MainGame/Script/Baseball/Batting.cs,525,tween_transform,justmeet.transform.localPosition = pos;
Assets/MainGame/Script/Baseball/Batting.cs,535,input_gate,if (justmeet.GetComponent<Renderer>().enabled == true)
Assets/MainGame/Script/Baseball/Batting.cs,544,tween_transform,"justmeet.transform.localScale = new Vector3((bFlip ? 1.2f : -1.2f), 1.4f, 1);"
Assets/MainGame/Script/Baseball/Batting.cs,546,tween_transform,"justmeet.transform.position = new Vector3(x, y, 0);"
Assets/MainGame/Script/Baseball/Batting.cs,561,tween_transform,"justmeet.transform.position = new Vector3(x,y,-10);"
Assets/MainGame/Script/Baseball/Batting.cs,565,input_gate,if (justmeet.GetComponent<Renderer>().enabled == true)
Assets/MainGame/Script/Baseball/Batting.cs,568,tween_transform,"justmeet.transform.localScale = new Vector3((bFlip ? 1.55f : -1.55f), 1.55f, 0.6f);"
Assets/MainGame/Script/Baseball/Batting.cs,582,"hierarchy_lookup,tween_transform","pitcherviewObj.transform.Find(""field"").localScale = new Vector3(sign, 1, 1);"
Assets/MainGame/Script/Baseball/Batting.cs,584,tween_transform,"pitcherviewObj.transform.localPosition = new Vector3(sign * 150, 0, 0);"
Assets/MainGame/Script/Baseball/Zone.cs,75,tween_transform,"transform.localPosition = new Vector3(0, ZonePositionY, -6);  //197"
Assets/MainGame/Script/Baseball/Zone.cs,79,tween_transform,"zoneSpr.transform.localScale = new Vector3(scale, scale, 1);"
Assets/MainGame/Script/Baseball/Zone.cs,342,tween_transform,"pTimerObj.transform.localPosition = new Vector3(arriveX, arriveY, 0);"
Assets/MainGame/Script/Baseball/Zone.cs,361,tween_transform,"pTimerObj.transform.localPosition = new Vector3(x, y, 0);"
Assets/MainGame/Script/Baseball/Zone.cs,373,tween_transform,"bCursorObj.transform.localPosition = new Vector3(manager.batter.cursorX, manager.batter.cursorY, -0.16f);"
Assets/MainGame/Script/Baseball/Zone.cs,385,tween_transform,"bCursorObj.transform.localScale = new Vector3(0.8f, 0.8f, 1);"
Assets/MainGame/Script/Baseball/Zone.cs,389,tween_transform,"bCursorObj.transform.localScale = new Vector3(1, 1, 1);"
Assets/MainGame/Script/Baseball/Zone.cs,412,tween_transform,"bPointSpr.transform.localPosition = new Vector3(0, -47, 0);"
Assets/MainGame/Script/Baseball/Zone.cs,432,tween_transform,"bCursorObj.transform.localPosition = new Vector3(manager.batter.cursorX, manager.batter.cursorY, -0.14f);"
Assets/MainGame/Script/Baseball/Zone.cs,478,tween_transform,"bPointSpr.transform.localScale = new Vector3(coef, coef);"
Assets/MainGame/Script/Baseball/Zone.cs,479,tween_transform,"bPointSpr.transform.localPosition = new Vector3(0, -47.0f * coef, 0);"
Assets/MainGame/Script/Baseball/Zone.cs,488,tween_transform,"munjiAnim.transform.localPosition = new Vector3(x, y - 20, -99);"
Assets/MainGame/Script/Baseball/Zone.cs,489,input_gate,munjiAnim.GetComponent<Renderer>().enabled = true;
Assets/MainGame/Script/Baseball/Zone.cs,493,input_gate,munjiAnim.GetComponent<Renderer>().enabled = false;
Assets/MainGame/Script/Baseball/Zone.cs,540,tween_transform,"transform.localPosition = new Vector3(ZonePositionX, ZonePositionY, ZoneDepth);"
Assets/MainGame/Script/Baseball/Zone.cs,541,tween_transform,"zoneSpr.transform.localScale = new Vector3(scale, scale, 1);"
Assets/MainGame/Script/Character/Batter.cs,200,tween_transform,"effectAnim1.transform.localPosition = new Vector3(0, 0, -0.01f);"
Assets/MainGame/Script/Character/Batter.cs,201,tween_transform,"effectAnim1.transform.localScale = new Vector3(100.0f, 100.0f, 1);"
Assets/MainGame/Script/Character/Batter.cs,228,hierarchy_lookup,Shader curShader = Shader.Find(shaderName);
Assets/MainGame/Script/Character/Batter.cs,262,hierarchy_lookup,"Transform bottom = transform.Find(""bottom"");"
Assets/MainGame/Script/Character/Batter.cs,271,hierarchy_lookup,"Transform top = transform.Find(""top"");"
Assets/MainGame/Script/Character/Batter.cs,299,dynamic_load,"GameObject skeleton = Util.Load(""MainGame/prefabs/skeleton/batter/batterSkelPrefab_girl"", transform, Vector3.zero, manager.bTopInning ? ""top"" : ""bottom"");"
Assets/MainGame/Script/Character/Batter.cs,301,tween_transform,"anim.transform.localScale = new Vector3(30, 30, 1);"
Assets/MainGame/Script/Character/Batter.cs,304,dynamic_load,"GameObject skeleton = Util.Load(""MainGame/prefabs/skeleton/batter/batterSkelPrefab"" + body, transform, Vector3.zero, manager.bTopInning?""top"":""bottom"");"
Assets/MainGame/Script/Character/Batter.cs,307,hierarchy_lookup,"batEffectAnim = anim.transform.Find(""SkeletonUtility-Root"").Find(""root"").Find(""master"").Find(""body_01"").Find(""R_arm_01"").Find(""R_arm_02"").Find(""hand_02"").Find(""bat_01"").Find(""batAura"").GetComponent<SkeletonAnimation>();"
Assets/MainGame/Script/Character/Batter.cs,313,tween_transform,"anim.transform.localScale = new Vector3(120, 120, 1);"
Assets/MainGame/Script/Character/Batter.cs,318,tween_transform,"anim.transform.localScale = new Vector3(125, 125, 1);"
Assets/MainGame/Script/Character/Batter.cs,323,tween_transform,"anim.transform.localScale = new Vector3(125, 125, 1);"
Assets/MainGame/Script/Character/Batter.cs,350,dynamic_load,"Texture curTexture1 = (Texture)Resources.Load(teamPath + ""/batterAnim"");"
Assets/MainGame/Script/Character/Batter.cs,353,dynamic_load,"curTexture1 = (Texture)Resources.Load(batterDefault + body + ""/batterAnim"");"
Assets/MainGame/Script/Character/Batter.cs,357,dynamic_load,"Texture curTexture2 = (Texture)Resources.Load(teamPath + ""/batterAnim2"");"
Assets/MainGame/Script/Character/Batter.cs,360,dynamic_load,"curTexture2 = (Texture)Resources.Load(batterDefault + body + ""/batterAnim2"");"
Assets/MainGame/Script/Character/Batter.cs,379,dynamic_load,Texture curTexture = (Texture)Resources.Load(facePath);
Assets/MainGame/Script/Character/Batter.cs,382,dynamic_load,"curTexture = (Texture)Resources.Load(batterDefault+body+""/batterAnim3"");"
Assets/MainGame/Script/Character/Batter.cs,392,dynamic_load,Texture curTexture = (Texture)Resources.Load(logoPath);
Assets/MainGame/Script/Character/Batter.cs,395,dynamic_load,"curTexture = (Texture)Resources.Load(batterDefault + body + ""/batterAnim4"");"
Assets/MainGame/Script/Character/Batter.cs,417,dynamic_load,"GameObject skeleton = Util.Load(""MainGame/prefabs/skeleton/pBatter/pBatterSkelPrefab"" + body2, transform, Vector3.zero, ""skeleton2"");"
Assets/MainGame/Script/Character/Batter.cs,425,tween_transform,"pAnim.transform.localScale = new Vector3(80, 80, 1);"
Assets/MainGame/Script/Character/Batter.cs,430,tween_transform,"pAnim.transform.localScale = new Vector3(95, 95, 1);"
Assets/MainGame/Script/Character/Batter.cs,435,tween_transform,"pAnim.transform.localScale = new Vector3(90, 90, 1);"
Assets/MainGame/Script/Character/Batter.cs,459,dynamic_load,"materials[0].mainTexture = (Texture)Resources.Load(teamPath + ""/pvBatterAnim"");"
Assets/MainGame/Script/Character/Batter.cs,460,dynamic_load,"materials[1].mainTexture = (Texture)Resources.Load(teamPath + ""/pvBatterAnim2"");"
Assets/MainGame/Script/Character/Batter.cs,474,dynamic_load,materials[2].mainTexture = (Texture)Resources.Load(facePath);
Assets/MainGame/Script/Character/Batter.cs,483,dynamic_load,materials[3].mainTexture = (Texture)Resources.Load(logoPath);
Assets/MainGame/Script/Character/Batter.cs,527,tween_transform,"transform.localScale = new Vector3(batterSign, 1, 1);"
Assets/MainGame/Script/Character/Batter.cs,528,tween_transform,"transform.localPosition = new Vector3(initPosX, initPosY, initZDepth);"
Assets/MainGame/Script/Character/Batter.cs,537,tween_transform,"transform.localPosition = new Vector3(initPosX + x, initPosY + y, initZDepth);"
Assets/MainGame/Script/Character/Batter.cs,541,tween_transform,"transform.localPosition = new Vector3(-initPosX + x, initPosY + y, initZDepth);"
Assets/MainGame/Script/Character/Batter.cs,609,tween_transform,"ballImage.transform.localPosition = new Vector3(ballImageX, ballImageY, 1.0f);"
Assets/MainGame/Script/Character/Batter.cs,659,tween_transform,"effectAnim1.transform.localPosition = new Vector3(-30, 0, -0.01f);"
Assets/MainGame/Script/Character/Batter.cs,660,tween_transform,"effectAnim1.transform.localScale = new Vector3(150, 150, 1);"
Assets/MainGame/Script/Character/Batter.cs,694,tween_transform,"effectAnim1.transform.localPosition = new Vector3(0, 0, -0.01f);"
Assets/MainGame/Script/Character/Batter.cs,695,tween_transform,"effectAnim1.transform.localScale = new Vector3(180, 180, 1);"
Assets/MainGame/Script/Character/Batter.cs,769,tween_transform,effectAnim1.transform.localPosition = pos;
Assets/MainGame/Script/Character/Batter.cs,770,tween_transform,effectAnim1.transform.localScale = scale * 100;
Assets/MainGame/Script/Character/Batter.cs,793,tween_transform,batEffectAnim.transform.localPosition = pos;
Assets/MainGame/Script/Character/Batter.cs,794,tween_transform,batEffectAnim.transform.localScale = scale;
Assets/MainGame/Script/Character/Batter.cs,1258,tween_transform,"battingview.transform.localScale = new Vector3(0.95f, 0.95f, 1);"
Assets/MainGame/Script/Character/Batter.cs,1262,tween_transform,"battingview.transform.localScale = new Vector3(0.9f, 0.9f, 1);"
Assets/MainGame/Script/Character/Pitcher.cs,176,dynamic_load,"GameObject skeleton = Util.Load(""MainGame/prefabs/skeleton/pitcher/pitcherSkelPrefab_girl"", transform, Vector3.zero, ""skeleton"");"
Assets/MainGame/Script/Character/Pitcher.cs,177,tween_transform,"skeleton.transform.localScale = new Vector3(12, 12, 1);"
Assets/MainGame/Script/Character/Pitcher.cs,179,dynamic_load,"GameObject skeleton = Util.Load(""MainGame/prefabs/skeleton/pitcher/pitcherSkelPrefab"", transform, Vector3.zero, ""skeleton"");"
Assets/MainGame/Script/Character/Pitcher.cs,180,tween_transform,"skeleton.transform.localScale = new Vector3(60, 60, 1);"
Assets/MainGame/Script/Character/Pitcher.cs,185,dynamic_load,"GameObject skeleton2 = Util.Load(""MainGame/prefabs/skeleton/pPitcher/pPitcherSkelPrefab"", transform, Vector3.zero, ""skeleton2"");"
Assets/MainGame/Script/Character/Pitcher.cs,186,tween_transform,"skeleton2.transform.localScale = new Vector3(100, 100, 1);"
Assets/MainGame/Script/Character/Pitcher.cs,190,tween_transform,"effectAnim1.transform.localPosition = new Vector3(0, 0, -0.01f);"
Assets/MainGame/Script/Character/Pitcher.cs,191,tween_transform,"effectAnim1.transform.localScale = new Vector3(100.0f, 100.0f, 1);"
Assets/MainGame/Script/Character/Pitcher.cs,195,hierarchy_lookup,"munjiAnim = transform.Find(""munji"").gameObject.GetComponent<SkeletonAnimation>();"
Assets/MainGame/Script/Character/Pitcher.cs,196,tween_transform,"munjiAnim.transform.localPosition = new Vector3(-90, 170, -0.01f); //정통파 기준"
Assets/MainGame/Script/Character/Pitcher.cs,197,tween_transform,"munjiAnim.transform.localScale = new Vector3(100.0f, 100.0f, 1);"
Assets/MainGame/Script/Character/Pitcher.cs,222,dynamic_load,"GameObject _ball = Util.Load(""MainGame/prefabs/BattingViewPrefab/bballPrefab"", transform, Vector3.zero);"
Assets/MainGame/Script/Character/Pitcher.cs,225,dynamic_load,"catcher = Util.Load(""MainGame/prefabs/BattingViewPrefab/catcherPrefab"", transform, Vector3.zero).GetComponent<Catcher>();"
Assets/MainGame/Script/Character/Pitcher.cs,228,dynamic_load,"pvjudge = Util.Load(""MainGame/prefabs/BattingViewPrefab/pvJudgePrefab"", transform, Vector3.zero).GetComponent<pvJudge>();"
Assets/MainGame/Script/Character/Pitcher.cs,268,input_gate,pAnim.gameObject.GetComponent<Renderer>().enabled = true; //투수 그림
Assets/MainGame/Script/Character/Pitcher.cs,277,input_gate,anim.gameObject.GetComponent<Renderer>().enabled = true; //투수 그림
Assets/MainGame/Script/Character/Pitcher.cs,282,reparenting,transform.parent = battingview.transform;
Assets/MainGame/Script/Character/Pitcher.cs,283,tween_transform,"transform.localPosition = new Vector3(_initPosX, _initPosY, _initZOrder);"
Assets/MainGame/Script/Character/Pitcher.cs,285,tween_transform,"transform.localScale = new Vector3(nSign, 1, 1);"
Assets/MainGame/Script/Character/Pitcher.cs,319,dynamic_load,materials[0].mainTexture = (Texture)Resources.Load(teamPath);
Assets/MainGame/Script/Character/Pitcher.cs,328,dynamic_load,materials[1].mainTexture = (Texture)Resources.Load(facePath);
Assets/MainGame/Script/Character/Pitcher.cs,336,dynamic_load,materials[2].mainTexture = (Texture)Resources.Load(logoPath);
Assets/MainGame/Script/Character/Pitcher.cs,353,dynamic_load,materials[0].mainTexture = (Texture)Resources.Load(teamPath);
Assets/MainGame/Script/Character/Pitcher.cs,362,dynamic_load,materials[1].mainTexture = (Texture)Resources.Load(facePath);
Assets/MainGame/Script/Character/Pitcher.cs,374,tween_transform,"transform.localPosition = new Vector3(_initPosX + x, _initPosY + y, _initZOrder);"
Assets/MainGame/Script/Character/Pitcher.cs,389,dynamic_load,"GameObject second = Util.Load(""MainGame/prefabs/BattingViewPrefab/bvFielderPrefab"", battingview.transform, Vector3.zero);"
Assets/MainGame/Script/Character/Pitcher.cs,390,dynamic_load,"GameObject shortstop = Util.Load(""MainGame/prefabs/BattingViewPrefab/bvFielderPrefab"", battingview.transform, Vector3.zero);"
Assets/MainGame/Script/Character/Pitcher.cs,400,reparenting,second.transform.parent = battingview._runnerPosition.transform;
Assets/MainGame/Script/Character/Pitcher.cs,401,reparenting,shortstop.transform.parent = battingview._runnerPosition.transform;
Assets/MainGame/Script/Character/Pitcher.cs,404,tween_transform,"second.transform.localPosition = new Vector3(initPosX, initPosY1, -1.8f);"
Assets/MainGame/Script/Character/Pitcher.cs,405,tween_transform,"shortstop.transform.localPosition = new Vector3(-initPosX, initPosY1, -1.8f);"
Assets/MainGame/Script/Character/Pitcher.cs,407,tween_transform,"second.transform.localScale = new Vector3(scale1, scale1, 1);"
Assets/MainGame/Script/Character/Pitcher.cs,408,tween_transform,"shortstop.transform.localScale = new Vector3(scale1, scale1, 1);"
Assets/MainGame/Script/Character/Pitcher.cs,430,tween_transform,"pitchPv.transform.localScale = new Vector3(scale, scale, 1);"
Assets/MainGame/Script/Character/Pitcher.cs,434,tween_transform,"effectAnim1.transform.localScale = new Vector3(150, 150, 1);"
Assets/MainGame/Script/Character/Pitcher.cs,447,tween_transform,"munjiAnim.transform.localPosition = new Vector3(160, 350, -0.01f); //정통파 기준"
Assets/MainGame/Script/Character/Pitcher.cs,448,tween_transform,"munjiAnim.transform.localScale = new Vector3(80.0f, 80.0f, 1);"
Assets/MainGame/Script/Character/Pitcher.cs,460,tween_transform,"pitch.transform.localScale = new Vector3(scale, scale, 1);"
Assets/MainGame/Script/Character/Pitcher.cs,463,tween_transform,"effectAnim1.transform.localScale = new Vector3(100, 100, 1);"
Assets/MainGame/Script/Character/Pitcher.cs,469,tween_transform,"munjiAnim.transform.localPosition = new Vector3(-90, 170, -0.01f); //정통파 기준"
Assets/MainGame/Script/Character/Pitcher.cs,470,tween_transform,"munjiAnim.transform.localScale = new Vector3(100.0f, 100.0f, 1);"
Assets/MainGame/Script/Character/Pitcher.cs,473,tween_transform,"icon.transform.localPosition = new Vector3(55, 120, -0.1f);"
Assets/MainGame/Script/Character/Pitcher.cs,597,tween_transform,effectAnim1.transform.localPosition = pos;
Assets/MainGame/Script/Character/Pitcher.cs,598,tween_transform,effectAnim1.transform.localScale = scale * 100;
Assets/MainGame/Script/Character/Pitcher.cs,2283,input_gate,batter.anim.GetComponent<Renderer>().enabled = false;
Assets/MainGame/Script/Character/Pitcher.cs,2288,input_gate,batter.anim.GetComponent<Renderer>().enabled = true;
Assets/MainGame/Script/Character/Pitcher.cs,3408,input_gate,anim.gameObject.GetComponent<Renderer>().enabled = true; //투수 그림
Assets/MainGame/Script/Character/Pitcher.cs,4768,tween_transform,"icon.transform.localPosition = new Vector3(44, 460, 0);"
Assets/MainGame/Script/Character/Pitcher.cs,4773,tween_transform,"icon.transform.localPosition = new Vector3(90, 137, -0.1f);"
Assets/MainGame/Script/Character/Pitcher.cs,4775,tween_transform,GameUITween tween = icon.GetComponent<GameUITween>();
Assets/MainGame/Script/Character/Pitcher.cs,4944,input_gate,pitchPv.pitchOriginPv.ballObj.GetComponent<Renderer>().enabled = false;
Assets/MainGame/Script/Character/Pitcher.cs,4949,input_gate,pitch.pitchOrigin.ballObj.GetComponent<Renderer>().enabled = false;
Assets/MainGame/Script/Character/bvRunner.cs,29,dynamic_load,"GameObject skeleton = Util.Load(""MainGame/prefabs/skeleton/bvRunner/bvRunnerSkeletonPrefab"", transform, Vector3.zero, ""skeleton"");"
Assets/MainGame/Script/Character/bvRunner.cs,30,tween_transform,"skeleton.transform.localScale = new Vector3(170, 170, 100);"
Assets/MainGame/Script/Character/bvRunner.cs,49,tween_transform,"transform.localPosition = new Vector3(xPos, yPos, -1.81f);"
Assets/MainGame/Script/Character/bvRunner.cs,75,tween_transform,"transform.localPosition = new Vector3(xPos, yPos, -1.81f);"
Assets/MainGame/Script/Character/bvRunner.cs,76,tween_transform,"transform.localScale = new Vector3(scale, scale, 1);"
Assets/MainGame/Script/Character/bvRunner.cs,105,tween_transform,"transform.localPosition = new Vector3(xPos, yPos, -1.81f);"
Assets/MainGame/Script/Character/bvRunner.cs,106,tween_transform,"transform.localScale = new Vector3(scale, scale, 1);"
Assets/MainGame/Script/Character/bvRunner.cs,113,tween_transform,"transform.localPosition = new Vector3(xPos, yPos, -1.81f);"
Assets/MainGame/Script/Character/bvRunner.cs,114,tween_transform,"transform.localScale = new Vector3(scale, scale, 1);"
Assets/MainGame/Script/Character/bvRunner.cs,141,tween_transform,"transform.localScale = new Vector3(scale, scale, 1);"
Assets/MainGame/Script/Character/bvRunner.cs,142,tween_transform,"transform.localPosition = new Vector3(xPos, yPos, -1.81f);"
Assets/MainGame/Script/Character/bvRunner.cs,166,tween_transform,"transform.localScale = new Vector3(scale, scale, 1);"
Assets/MainGame/Script/Character/bvRunner.cs,167,tween_transform,"transform.localPosition = new Vector3(-53, yPos, -1.81f);"
Assets/MainGame/Script/Character/bvRunner.cs,196,dynamic_load,"materials[0].mainTexture = (Texture)Resources.Load(""MainGame/spineData/bvChar/bvRunner/team/"" + team + ""/runner"");"
Assets/MainGame/Script/Control/ControlBattingUI.cs,36,camera_coordinates,private static float screenW = (720 * Screen.width) / Screen.height;
Assets/MainGame/Script/Control/ControlBattingUI.cs,63,hierarchy_lookup,"cursorSpr = cursor.transform.Find(""spr"").GetComponent<tk2dSprite>();"
Assets/MainGame/Script/Control/ControlBattingUI.cs,294,tween_transform,"cursor.transform.localPosition = new Vector3(0, 0, -1);"
Assets/MainGame/Script/Control/ControlBattingUI.cs,360,camera_coordinates,float sx = Screen.width;
Assets/MainGame/Script/Control/ControlBattingUI.cs,361,camera_coordinates,float sy = Screen.height;
Assets/MainGame/Script/Control/ControlPitchingSelect.cs,21,hierarchy_lookup,if (inheritedPanel == null) inheritedPanel = GetComponentInParent<GameUIPanel>();
Assets/MainGame/Script/Control/ControlPitchingSelect.cs,22,camera_coordinates,if (uiCamera == null) uiCamera = GameUIRoot.FindCameraForLayer(gameObject.layer);
Assets/MainGame/Script/Control/ControlPitchingSelect.cs,23,render_order_alpha,"uguiView.SetInheritedRendering(inheritedPanel != null ? inheritedPanel.CalculateFinalAlpha(Time.frameCount) : 1,"
Assets/MainGame/Script/Control/ControlPitchingSelect.cs,24,render_order_alpha,"inheritedPanel != null ? inheritedPanel.startingRenderQueue : 3000,"
Assets/MainGame/Script/Control/ControlPitchingSelect.cs,25,render_order_alpha,"inheritedPanel != null ? inheritedPanel.sortingOrder : 0, uiCamera, !Mode.bPauseGame);"
Assets/MainGame/Script/Control/ControlPitchingSelect.cs,39,hierarchy_lookup,var ui = GetComponentInParent<IngameUI>();
Assets/MainGame/Script/Control/ControlPitchingUI.cs,37,camera_coordinates,private static float screenW = (720 * Screen.width) / Screen.height;
Assets/MainGame/Script/Control/ControlPitchingUI.cs,107,tween_transform,"cursor.transform.localPosition = new Vector3(0, 0, -1);"
Assets/MainGame/Script/Control/ControlPitchingUI.cs,108,input_gate,cursorSpr.GetComponent<Renderer>().enabled = true;
Assets/MainGame/Script/Control/ControlPitchingUI.cs,136,input_gate,if (cursorSpr.GetComponent<Renderer>().enabled == false) cursorSpr.GetComponent<Renderer>().enabled = true;
Assets/MainGame/Script/Control/ControlPitchingUI.cs,144,input_gate,cursorSpr.GetComponent<Renderer>().enabled = false;
Assets/MainGame/Script/Control/ControlPitchingUI.cs,149,input_gate,cursorSpr.GetComponent<Renderer>().enabled = false;
Assets/MainGame/Script/Control/ControlPitchingUI.cs,155,input_gate,cursorSpr.GetComponent<Renderer>().enabled = false;
Assets/MainGame/Script/Control/ControlPitchingUI.cs,160,input_gate,cursorSpr.GetComponent<Renderer>().enabled = false;
Assets/MainGame/Script/Control/ControlPitchingUI.cs,182,camera_coordinates,float sx = Screen.width;
Assets/MainGame/Script/Control/ControlPitchingUI.cs,183,camera_coordinates,float sy = Screen.height;
Assets/MainGame/Script/Control/ControlPitchingUI.cs,298,tween_transform,"timerOrigin.transform.localPosition = new Vector3(gab, 140, 0);"
Assets/MainGame/Script/Control/ControlPitchingUI.cs,303,tween_transform,"timerOrigin.transform.localPosition = new Vector3(0, 0+30, 0);"
Assets/MainGame/Script/Control/ControlPitchingUI.cs,307,input_gate,perfectLight.GetComponent<Renderer>().enabled = false;
Assets/MainGame/Script/Control/ControlPitchingUI.cs,346,input_gate,perfectLight.GetComponent<Renderer>().enabled = !perfectLight.GetComponent<Renderer>().enabled;
Assets/MainGame/Script/Control/ControlPitchingUI.cs,355,tween_transform,GameUITween tween = missSpr.GetComponent<GameUITween>();
Assets/MainGame/Script/Control/ControlPitchingUI.cs,362,tween_transform,"cursor.transform.localPosition = new Vector3(0, 0, -0.1f);"
Assets/MainGame/Script/Control/ControlPitchingUI.cs,406,tween_transform,"curSpr.transform.localPosition = new Vector3(curPosX, 3, -2);"
Assets/MainGame/Script/Control/ControlRunner.cs,24,camera_coordinates,if (uiCamera == null) uiCamera = GameUIRoot.FindCameraForLayer(gameObject.layer);
Assets/MainGame/Script/Control/ControlRunner.cs,25,render_order_alpha,"uguiView.canvas.SetInheritedRendering(panel.CalculateFinalAlpha(Time.frameCount), panel.startingRenderQueue,"
Assets/MainGame/Script/Control/ControlRunner.cs,26,render_order_alpha,"panel.sortingOrder, uiCamera, bPressAvail && !Mode.bPauseGame);"
Assets/MainGame/Script/Control/ControlRunner.cs,48,hierarchy_lookup,"onBaseObj[i] = uguiView != null ? uguiView.occupied[i].gameObject : baseObj[i].transform.Find(""onbase"").gameObject;"
Assets/MainGame/Script/Control/ControlRunner.cs,66,hierarchy_lookup,var ui = GetComponentInParent<IngameUI>();
Assets/MainGame/Script/Control/ControlRunner.cs,74,hierarchy_lookup,"UISprite cur = onBaseObj[i].transform.Find(""steal"").gameObject.GetComponent<UISprite>();"
Assets/MainGame/Script/Control/ControlRunner.cs,133,input_gate,uguiView.canvas.opacity.interactable = uguiView.canvas.opacity.blocksRaycasts = bPressAvail && !Mode.bPauseGame;
Assets/MainGame/Script/Control/ControlRunner.cs,189,hierarchy_lookup,"runnerObj.transform.Find(""skillIcon"").gameObject.SetActive(false);"
Assets/MainGame/Script/Control/ControlRunner.cs,190,hierarchy_lookup,"runnerObj.transform.Find(""light"").gameObject.SetActive(false);"
Assets/MainGame/Script/Control/ControlRunner.cs,192,hierarchy_lookup,"UILabel overRallLabel = runnerObj.transform.Find(""overall"").gameObject.GetComponent<UILabel>();"
Assets/MainGame/Script/Control/ControlRunner.cs,199,hierarchy_lookup,"runnerObj.transform.Find(""steal"").gameObject.GetComponent<UISprite>().spriteName = (manager.bMyTurn == true ? ""steal_1"" : ""pickoff_1"");"
Assets/MainGame/Script/Control/ControlRunner.cs,204,hierarchy_lookup,"runnerObj.transform.Find(""skillIcon"").gameObject.SetActive(true);"
Assets/MainGame/Script/Control/ControlRunner.cs,218,hierarchy_lookup,"runnerObj.transform.Find(""light"").gameObject.SetActive(true);"
Assets/MainGame/Script/Control/ControlRunner.cs,219,hierarchy_lookup,"runnerObj.transform.Find(""steal"").gameObject.GetComponent<UISprite>().spriteName = (manager.bMyTurn == true ? ""steal_2"" : ""pickoff_2"");"
Assets/MainGame/Script/Manager/BallPlayManager.cs,274,hierarchy_lookup,"GameObject obj1 = GameObject.Find(""skillEffectDisplayManager"").gameObject;"
Assets/MainGame/Script/Manager/BallPlayManager.cs,277,hierarchy_lookup,"GameObject obj2 = GameObject.Find(""simulator"").gameObject;"
Assets/MainGame/Script/Manager/BallPlayManager.cs,280,hierarchy_lookup,"GameObject obj3 = GameObject.Find(""Managers"").gameObject;"
Assets/MainGame/Script/Manager/BallPlayManager.cs,283,hierarchy_lookup,"GameObject obj4 = GameObject.Find(""pvpmanager"").gameObject;"
Assets/MainGame/Script/Manager/BallPlayManager.cs,286,hierarchy_lookup,"GameObject obj5 = GameObject.Find(""PhotonManager"").gameObject;"
Assets/MainGame/Script/Manager/BallPlayManager.cs,288,hierarchy_lookup,"GameObject obj6 = GameObject.Find(""SoundManager"").gameObject;"
Assets/MainGame/Script/Manager/BallPlayManager.cs,290,hierarchy_lookup,"GameObject obj7 = GameObject.Find(""MusicManager"").gameObject;"
Assets/MainGame/Script/Manager/BallPlayManager.cs,1073,tween_transform,"battingview.transform.localScale = new Vector3(0.9f, 0.9f, 1); //new Vector3(BattingViewInitZoom, BattingViewInitZoom, 1);"
Assets/MainGame/Script/Manager/BallPlayManager.cs,1074,reparenting,pitch.transform.parent = battingview.transform;
Assets/MainGame/Script/Manager/BallPlayManager.cs,1075,reparenting,pitchPv.transform.parent = battingview.transform;
Assets/MainGame/Script/Manager/BallPlayManager.cs,1227,dynamic_load,"Util.Load(""MainGame/prefabs/ballplayPrefab/PvpManager"", transform, Vector3.zero);"
Assets/MainGame/Script/Manager/BallPlayManager.cs,1240,dynamic_load,"Util.Load(""MainGame/prefabs/ballplayPrefab/PvpManager"", transform, Vector3.zero);"
Assets/MainGame/Script/Manager/BallPlayManager.cs,2318,dynamic_load,"Util.Load(""MainGame/prefabs/resultUI/resultPrefab"", null, Vector3.zero).GetComponent<ResultUI>().Init(this);"
Assets/MainGame/Script/Manager/BallPlayManager.cs,3375,tween_transform,GameUITween tween = CameraManager.GetInstance().GetComponent<GameUITween>();
Assets/MainGame/Script/Manager/BallPlayManager.cs,3378,input_gate,tween.enabled = false;
Assets/MainGame/Script/Manager/BallPlayManager.cs,3592,tween_transform,"if (Mode.cameraView == CameraView.PitcherCenter) battingview.transform.localScale = new Vector3(0.95f, 0.95f, 1);"
Assets/MainGame/Script/Manager/BallPlayManager.cs,3593,tween_transform,"else battingview.transform.localScale = new Vector3(0.9f, 0.9f, 1);"
Assets/MainGame/Script/Manager/BallPlayManager.cs,4005,tween_transform,field.fielder[i].transform.localPosition = Vector3.zero;
Assets/MainGame/Script/Manager/BallPlayManager.cs,4016,tween_transform,field.run.runner[i].transform.localPosition = Vector3.zero;
Assets/MainGame/Script/Manager/BallPlayManager.cs,4272,tween_transform,for (int i = 0; i < 9; i++) field.fielder[i].transform.localPosition = Vector3.zero;
Assets/MainGame/Script/Manager/CameraManager.cs,50,hierarchy_lookup,"_camera = transform.Find(""camera"").gameObject.GetComponent<tk2dCamera>();"
Assets/MainGame/Script/Manager/CameraManager.cs,308,tween_transform,Instance_.transform.position = pos;
Assets/MainGame/Script/Manager/CameraManager.cs,312,tween_transform,Instance_.transform.localPosition = pos;
Assets/MainGame/Script/Manager/CameraManager.cs,655,tween_transform,"transform.position = new Vector3(cameraX, cameraY, -200);"
Assets/MainGame/Script/Manager/CameraManager.cs,711,tween_transform,"GameUITweenPosition.Begin(gameObject, remainTime, dst);"
Assets/MainGame/Script/Manager/CameraManager.cs,719,tween_transform,"GameUITweenPosition.Begin(_camera.gameObject, 0.01f, pos);"
Assets/MainGame/Script/Manager/CameraManager.cs,732,tween_transform,"_camera.transform.localPosition = cameraInitPos + new Vector3(0, gab, 0);"
Assets/MainGame/Script/Manager/CameraManager.cs,744,tween_transform,"GameUITweenPosition.Begin(_camera.gameObject, _ShakeTimeGab, cameraInitPos + new Vector3(-gab, 0, 0));"
Assets/MainGame/Script/Manager/CameraManager.cs,748,tween_transform,"GameUITweenPosition.Begin(_camera.gameObject, _ShakeTimeGab, cameraInitPos + new Vector3(gab, 0, 0));"
Assets/MainGame/Script/Manager/CameraManager.cs,752,tween_transform,"GameUITweenPosition.Begin(_camera.gameObject, _ShakeTimeGab, cameraInitPos + new Vector3(0, gab, 0));"
Assets/MainGame/Script/Manager/CameraManager.cs,778,tween_transform,"GameUITweenPosition.Begin(fieldOrigin, _ShakeTimeGab, new Vector3(-gab, 0, 0));"
Assets/MainGame/Script/Manager/CameraManager.cs,782,tween_transform,"GameUITweenPosition.Begin(fieldOrigin, _ShakeTimeGab, new Vector3(gab, 0, 0));"
Assets/MainGame/Script/Manager/CameraManager.cs,786,tween_transform,"GameUITweenPosition.Begin(fieldOrigin, _ShakeTimeGab, new Vector3(0, gab, 0));"
Assets/MainGame/Script/Manager/CameraManager.cs,793,tween_transform,fieldOrigin.transform.localPosition = Vector3.zero;
Assets/MainGame/Script/Manager/CameraManager.cs,829,input_gate,fieldMotionBlur.enabled = bActive;
Assets/MainGame/Script/Manager/CameraManager.cs,863,tween_transform,"fieldActiveCamera.transform.localPosition = new Vector3(0, FieldActivePosY, FieldActivePosZ);"
Assets/MainGame/Script/Manager/CameraManager.cs,868,tween_transform,"zoomCamera.transform.localPosition = new Vector3(0, -250, -100);"
Assets/MainGame/Script/Manager/CameraManager.cs,889,tween_transform,"fieldActiveCamera.transform.localPosition = new Vector3(0, FieldActivePosY, FieldActivePosZ);"
Assets/MainGame/Script/Manager/CameraManager.cs,898,tween_transform,"fieldActiveCamera.transform.localPosition = new Vector3(0, FieldActivePosY, FieldActivePosZ);"
Assets/MainGame/Script/Manager/CameraManager.cs,919,tween_transform,"fieldActiveCamera.transform.localPosition = new Vector3(0, FieldActivePosY, FieldActivePosZ);"
Assets/MainGame/Script/Manager/CameraManager.cs,926,camera_coordinates,"return _fieldActiveCamera.ScreenPointToRay(new Vector3(bTopLeft ? 0 : _fieldActiveCamera.pixelWidth, _fieldActiveCamera.pixelHeight, 0));"
Assets/MainGame/Script/Manager/CameraManager.cs,936,camera_coordinates,"return _fieldActiveCamera.ScreenPointToRay(new Vector3(left, top));"
Assets/MainGame/Script/Manager/CameraManager.cs,940,camera_coordinates,"return _fieldActiveCamera.ScreenPointToRay(new Vector3(left, bottom));"
Assets/MainGame/Script/Manager/CameraManager.cs,945,camera_coordinates,"return _fieldActiveCamera.ScreenPointToRay(new Vector3(right, top));"
Assets/MainGame/Script/Manager/CameraManager.cs,949,camera_coordinates,"return _fieldActiveCamera.ScreenPointToRay(new Vector3(right, bottom));"
Assets/MainGame/Script/Manager/CameraManager.cs,1038,camera_coordinates,public static Vector3 fieldWorldToScreenPoint(Vector3 pos)
Assets/MainGame/Script/Manager/CameraManager.cs,1040,camera_coordinates,return Instance_._fieldActiveCamera.WorldToScreenPoint(pos);
Assets/MainGame/Script/Manager/IngameUI.cs,334,dynamic_load,"GameObject uiObj = Util.Load(""MainGame/prefabs/dynamicUI/"" + uiName, Instance_.transform, pos);"
Assets/MainGame/Script/Manager/IngameUI.cs,335,tween_transform,"uiObj.transform.localScale = new Vector3(scale, scale, scale);"
Assets/MainGame/Script/PitchSystem/BattingSystem.cs,72,tween_transform,origin.localPosition = originPos;
Assets/MainGame/Script/PitchSystem/BattingSystem.cs,73,tween_transform,cameraOrigin.localPosition = cameraOriginPos;
Assets/MainGame/Script/PitchSystem/BattingSystem.cs,75,tween_transform,battingCamera.transform.localPosition = cameraPos;
Assets/MainGame/Script/PitchSystem/BattingSystem.cs,113,tween_transform,"ballObj.transform.localPosition = new Vector3(x, y, z);"
Assets/MainGame/Script/PitchSystem/BattingSystem.cs,124,tween_transform,"ballObj.transform.localPosition = new Vector3(x, y, z);"
Assets/MainGame/Script/PitchSystem/BattingSystem.cs,177,tween_transform,"ballObj.transform.localPosition = new Vector3(x, y, z);"
Assets/MainGame/Script/PitchSystem/BattingSystem.cs,302,tween_transform,"ballObj.transform.localPosition = new Vector3(x, y, z);"
Assets/MainGame/Script/PitchSystem/BattingSystem.cs,474,tween_transform,"manager.battingview.justmeet.transform.localPosition = new Vector3(0, 474 + mainCameraPositionY, -0.5f);"
Assets/MainGame/Script/PitchSystem/BattingSystem.cs,475,tween_transform,"GameUITweenPosition.Begin(manager.battingview.justmeet.gameObject, rotateTime, new Vector3(mainCameraPositionX * 1.5f, 474 + mainCameraPositionY, -0.5f));"
Assets/MainGame/Script/PitchSystem/BattingSystemPv.cs,68,tween_transform,"origin.localPosition = new Vector3(0, 0, 0);"
Assets/MainGame/Script/PitchSystem/BattingSystemPv.cs,69,tween_transform,"ballObj.transform.localPosition = new Vector3(0, 0, startZ);"
Assets/MainGame/Script/PitchSystem/BattingSystemPv.cs,88,tween_transform,"ballObj.transform.localPosition = new Vector3(x, y, z);"
Assets/MainGame/Script/PitchSystem/BattingSystemPv.cs,95,tween_transform,"ballSpr.transform.localScale = new Vector3(1.5f, 1.5f, 1.5f);"
Assets/MainGame/Script/PitchSystem/BattingSystemPv.cs,118,tween_transform,"ballObj.transform.localPosition = new Vector3(x, y, z);"
Assets/MainGame/Script/PitchSystem/BattingSystemPv.cs,121,tween_transform,"ballSpr.transform.localScale = new Vector3(scale, scale, scale);"
Assets/MainGame/Script/PitchSystem/BattingSystemPv.cs,143,tween_transform,"ballObj.transform.localPosition = new Vector3(x, y, z);"
Assets/MainGame/Script/PitchSystem/BattingSystemPv.cs,146,tween_transform,"ballSpr.transform.localScale = new Vector3(scale, scale, scale);"
Assets/MainGame/Script/PitchSystem/BattingSystemPv.cs,251,tween_transform,ballObj.transform.localPosition = initPos;
Assets/MainGame/Script/PitchSystem/BattingSystemPv.cs,252,tween_transform,"ballSpr.transform.localScale = new Vector3(1.5f, 1.5f, 1.5f);"
Assets/MainGame/Script/PitchSystem/PitchCollider.cs,20,tween_transform,"zoneCollider.transform.localPosition = new Vector3(INIT_ZONEX, INIT_ZONEY, INIT_ZONEZ);"
Assets/MainGame/Script/PitchSystem/PitchIndicator.cs,18,input_gate,line.enabled = false;
Assets/MainGame/Script/PitchSystem/PitchIndicator.cs,25,input_gate,line.enabled = bActive;
Assets/MainGame/Script/PitchSystem/PitchOrigin.cs,189,tween_transform,"pPointer.transform.localPosition = new Vector3(0, 0, 0);"
Assets/MainGame/Script/PitchSystem/PitchOrigin.cs,193,tween_transform,"ball.transform.localScale = new Vector3(2, 2, 2);           //배팅뷰 로우"
Assets/MainGame/Script/PitchSystem/PitchOrigin.cs,552,input_gate,pPointer.GetComponent<tk2dSprite>().GetComponent<Renderer>().enabled = bActive;
Assets/MainGame/Script/PitchSystem/PitchOrigin.cs,569,tween_transform,"ball.transform.localPosition = new Vector3(x, y, z);"
Assets/MainGame/Script/PitchSystem/PitchOrigin.cs,603,tween_transform,"ball.transform.localPosition = new Vector3(x, y, z);"
Assets/MainGame/Script/PitchSystem/PitchOrigin.cs,648,input_gate,ballObjSpr.GetComponent<Renderer>().enabled = true; //2D스프라이트시 되돌려
Assets/MainGame/Script/PitchSystem/PitchOrigin.cs,687,dynamic_load,"Util.Load(""MainGame/prefabs/BattingViewPrefab/ballTracePrefab"", transform, ball.transform.localPosition);"
Assets/MainGame/Script/PitchSystem/PitchOrigin.cs,1260,input_gate,ballObjSpr.GetComponent<Renderer>().enabled = false;//2D스프라이트시 되돌려
Assets/MainGame/Script/PitchSystem/PitchOrigin.cs,1278,input_gate,ballObjSpr.GetComponent<Renderer>().enabled = false;//2D스프라이트시 되돌려
Assets/MainGame/Script/PitchSystem/PitchOrigin.cs,1308,tween_transform,"ball.transform.localPosition = new Vector3(x, y, z);"
Assets/MainGame/Script/PitchSystem/PitchOrigin.cs,1319,input_gate,ballObjSpr.GetComponent<Renderer>().enabled = false;//2D스프라이트시 되돌려
Assets/MainGame/Script/PitchSystem/PitchOrigin.cs,1467,tween_transform,"pPointer.transform.localPosition = new Vector3(x, y, 0);"
Assets/MainGame/Script/PitchSystem/PitchOrigin.cs,1571,tween_transform,"cursorBall.transform.position = cursorInitVector + new Vector3(curX, curY, 0);"
Assets/MainGame/Script/PitchSystem/PitchOrigin.cs,1635,tween_transform,pPointer.transform.localPosition = Vector3.zero;
Assets/MainGame/Script/PitchSystem/PitchOrigin.cs,1638,tween_transform,cursorBall.transform.position = finalVector;
Assets/MainGame/Script/PitchSystem/PitchOrigin.cs,1652,tween_transform,cursorBall.transform.position = initVector;
Assets/MainGame/Script/PitchSystem/PitchOrigin.cs,1682,tween_transform,"cursorBall.transform.localPosition = new Vector3(x, y, z);"
Assets/MainGame/Script/PitchSystem/PitchOriginPv.cs,158,tween_transform,"pPointer.transform.localPosition = new Vector3(0, 0, 0);"
Assets/MainGame/Script/PitchSystem/PitchOriginPv.cs,162,tween_transform,"ball.transform.localScale = new Vector3(2, 2, 2);           //배팅뷰 로우"
Assets/MainGame/Script/PitchSystem/PitchOriginPv.cs,516,input_gate,pPointer.GetComponent<tk2dSprite>().GetComponent<Renderer>().enabled = bActive;
Assets/MainGame/Script/PitchSystem/PitchOriginPv.cs,533,tween_transform,"ball.transform.localPosition = new Vector3(x, y, z);"
Assets/MainGame/Script/PitchSystem/PitchOriginPv.cs,552,tween_transform,"ball.transform.localPosition = new Vector3(x, y, z);"
Assets/MainGame/Script/PitchSystem/PitchOriginPv.cs,600,input_gate,ballObjSpr.GetComponent<Renderer>().enabled = true; //2D스프라이트시 되돌려
Assets/MainGame/Script/PitchSystem/PitchOriginPv.cs,608,tween_transform,"ballObjSpr.transform.localScale = new Vector3(0.8f, 0.8f, 0.8f);"
Assets/MainGame/Script/PitchSystem/PitchOriginPv.cs,609,tween_transform,"GameUITweenScale.Begin(ballObjSpr, perfectTime, new Vector3(1.6f, 1.6f, 1.6f));"
Assets/MainGame/Script/PitchSystem/PitchOriginPv.cs,620,"tween_transform,dynamic_load","Util.Load(""MainGame/prefabs/BattingViewPrefab/ballTracePrefab"", transform, ball.transform.localPosition).transform.localScale = (ballObjSpr.transform.localScale * 2);"
Assets/MainGame/Script/PitchSystem/PitchOriginPv.cs,1105,input_gate,ballObjSpr.GetComponent<Renderer>().enabled = false;//2D스프라이트시 되돌려
Assets/MainGame/Script/PitchSystem/PitchOriginPv.cs,1123,input_gate,ballObjSpr.GetComponent<Renderer>().enabled = false;//2D스프라이트시 되돌려
Assets/MainGame/Script/PitchSystem/PitchOriginPv.cs,1153,tween_transform,"ball.transform.localPosition = new Vector3(x, y, z);"
Assets/MainGame/Script/PitchSystem/PitchOriginPv.cs,1164,input_gate,ballObjSpr.GetComponent<Renderer>().enabled = false;//2D스프라이트시 되돌려
Assets/MainGame/Script/PitchSystem/PitchOriginPv.cs,1281,tween_transform,"pPointer.transform.localPosition = new Vector3(x, y, 0);"
Assets/MainGame/Script/PitchSystem/PitchOriginPv.cs,1384,tween_transform,"cursorBall.transform.position = cursorInitVector + new Vector3(curX, curY, 0);"
Assets/MainGame/Script/PitchSystem/PitchOriginPv.cs,1471,tween_transform,cursorBall.transform.position = initVector;
Assets/MainGame/Script/PitchSystem/PitchOriginPv.cs,1501,tween_transform,"cursorBall.transform.localPosition = new Vector3(x, y, z);"
Assets/MainGame/Script/PitchSystem/PitchSystem.cs,116,tween_transform,"transform.position = new Vector3(0, 50, -1000);"
Assets/MainGame/Script/PitchSystem/PitchSystem.cs,117,tween_transform,"origin.transform.localPosition = new Vector3(0, 0, originZ);"
Assets/MainGame/Script/PitchSystem/PitchSystem.cs,118,tween_transform,"_camera.transform.localPosition = new Vector3(cameraX, cameraY, cameraZ);"
Assets/MainGame/Script/PitchSystem/PitchSystem.cs,166,tween_transform,"pitchOriginPv.zoneCollider.transform.localPosition = new Vector3(2.5f, 4, -255);"
Assets/MainGame/Script/PitchSystem/PitchSystem.cs,177,tween_transform,"pitchOriginPv.zoneCollider.transform.localPosition = new Vector3(-3, 3.5f, -255);"
Assets/MainGame/Script/PitchSystem/PitchSystem.cs,185,tween_transform,"transform.position = new Vector3(0, 50, -1000);"
Assets/MainGame/Script/PitchSystem/PitchSystem.cs,186,tween_transform,"origin.transform.localPosition = new Vector3(0, 0, originZ);"
Assets/MainGame/Script/PitchSystem/PitchSystem.cs,187,tween_transform,"_camera.transform.localPosition = new Vector3(cameraX, cameraY, cameraZ);"
Assets/MainGame/Script/PitchSystem/PitchUI.cs,31,tween_transform,"transform.localPosition = new Vector3(0, yPosition, 0);"
Assets/MainGame/Script/PitchSystem/PitchUI.cs,58,tween_transform,"ballCursor.transform.localPosition = new Vector3(curX, curY, 0);"
Assets/MainGame/Script/PitchSystem/PitchUI.cs,143,tween_transform,"pCursor.transform.localPosition = new Vector3(curX, curY, 0);"
Assets/MainGame/Script/PitchSystem/PitchUI.cs,164,dynamic_load,"GameObject trace = Util.Load(""MainGame/prefabs/gameUI/tracePrefab_"" + (manager.bMyTurn ? ""h"" : ""p""), traceObj, new Vector3(curX, curY, -0.001f));"
Assets/MainGame/Script/PitchSystem/PitchUI.cs,165,tween_transform,trace.transform.localScale = Vector3.one;
Assets/MainGame/Script/PitchSystem/PitchUI.cs,172,dynamic_load,"GameObject zoneHit = Util.Load(""MainGame/prefabs/gameUI/traceZoneHitPrefab"", traceObj, pCursor.transform.localPosition);"
Assets/MainGame/Script/PitchSystem/PitchUI.cs,173,tween_transform,zoneHit.transform.localScale = Vector3.one;
Assets/MainGame/Script/PitchSystem/PitchUI.cs,181,dynamic_load,"GameObject traceK = Util.Load(""MainGame/prefabs/gameUI/traceKPrefab"", traceObj, new Vector3(curX, curY, -0.001f));"
Assets/MainGame/Script/PitchSystem/PitchUI.cs,182,tween_transform,traceK.transform.localScale = Vector3.one;
Assets/MainGame/Script/PitchSystem/PitchUI.cs,213,tween_transform,"transform.localPosition = new Vector3(xPosition, yPosition, 0);"
Assets/MainGame/Script/PitchSystem/pitchTimer.cs,41,tween_transform,"scale.localScale = new Vector3(scaleValue, scaleValue);"
Assets/MainGame/Script/PitchSystem/pitchTimer.cs,56,tween_transform,"scale.localScale = new Vector3(scaleValue, scaleValue);"
Assets/MainGame/Script/QuickGame/QuickPlayerInfo.cs,152,hierarchy_lookup,"GameObject effect = skillSlot[i].transform.FindChild(""effect"").gameObject;"
Assets/MainGame/Script/QuickGame/QuickPlayerInfo.cs,185,hierarchy_lookup,"GameObject effect = skillSlot[i].transform.FindChild(""effect"").gameObject;"
Assets/MainGame/Script/QuickGame/QuickPlayerInfo.cs,205,tween_transform,"playerCard.transform.localPosition = new Vector3(165, -70, 0);"
Assets/MainGame/Script/QuickGame/QuickPlayerInfo.cs,206,tween_transform,"GameUITweenPosition.Begin(playerCard.gameObject, 0.15f, new Vector3(226, -70, 0));"
Assets/MainGame/Script/QuickGame/QuickPlayerInfo.cs,210,tween_transform,"playerCard.transform.localPosition = new Vector3(-165, -70, 0);"
Assets/MainGame/Script/QuickGame/QuickPlayerInfo.cs,211,tween_transform,"GameUITweenPosition.Begin(playerCard.gameObject, 0.15f, new Vector3(-226, -70, 0));"
Assets/MainGame/Script/QuickGame/QuickPlayerInfo.cs,220,tween_transform,"playerCard.transform.localPosition = new Vector3(226, -70, 0);"
Assets/MainGame/Script/QuickGame/QuickPlayerInfo.cs,224,tween_transform,"playerCard.transform.localPosition = new Vector3(-226, -70, 0);"
Assets/MainGame/Script/QuickGame/QuickPlayerInfo.cs,251,tween_transform,GameUITweenRotation rot = playerCard.GetComponent<GameUITweenRotation>();
Assets/MainGame/Script/QuickGame/QuickPlayerInfo.cs,252,input_gate,rot.enabled = true;
Assets/MainGame/Script/QuickGame/QuickPlayerInfo.cs,254,input_gate,rot.enabled = false;
Assets/MainGame/Script/QuickGame/QuickPlayerNameBar.cs,69,hierarchy_lookup,"resultLabel = hitFlag.transform.Find(""hitlabel"").GetComponent<GameUIElement>();"
Assets/MainGame/Script/QuickGame/QuickPlayerNameBar.cs,134,tween_transform,GameUITween[] tweeners = GetComponents<GameUITween>();
Assets/MainGame/Script/QuickGame/QuickPlayerNameBar.cs,135,input_gate,for (int i = 0; i < tweeners.Length; i++) tweeners[i].enabled = false;
Assets/MainGame/Script/QuickGame/QuickPlayerNameBar.cs,137,tween_transform,transform.localPosition = new Vector3(
Assets/MainGame/Script/QuickGame/QuickPlayerNameBar.cs,144,tween_transform,GameUITween[] focusTweeners = focusObj.GetComponents<GameUITween>();
Assets/MainGame/Script/QuickGame/QuickPlayerNameBar.cs,145,input_gate,for (int i = 0; i < focusTweeners.Length; i++) focusTweeners[i].enabled = false;
Assets/MainGame/Script/QuickGame/QuickPlayerNameBar.cs,171,tween_transform,"if (bCurOffense) GameUITweenPosition.Begin(gameObject, 0.1f, new Vector3(team == 0 ? -12 : 12, yPos, 0));"
Assets/MainGame/Script/QuickGame/QuickPlayerNameBar.cs,172,tween_transform,"else transform.localPosition = new Vector3(0, yPos, 0);"
Assets/MainGame/Script/QuickGame/QuickPlayerNameBar.cs,177,tween_transform,"GameUITweenAlpha.Begin(focusObj, 0.15f, 1);"
Assets/MainGame/Script/QuickGame/QuickPlayerNameBar.cs,189,tween_transform,"if (bCurOffense) GameUITweenPosition.Begin(gameObject, 0.1f, new Vector3(0, yPos, 0));"
Assets/MainGame/Script/QuickGame/QuickPlayerNameBar.cs,190,tween_transform,"else transform.localPosition = new Vector3(0, yPos, 0);"
Assets/MainGame/Script/QuickGame/QuickPlayerNameBar.cs,199,tween_transform,hitFlag.transform.position = pos;
Assets/MainGame/Script/QuickGame/QuickPlayerNameBar.cs,203,tween_transform,"hitFlag.transform.localPosition = new Vector3(team == 0 ? -25 : 289, 0, 0);"
Assets/MainGame/Script/QuickGame/QuickPlayerNameBar.cs,204,tween_transform,"GameUITweenAlpha.Begin(focusObj, 0.1f, 0);"
Assets/MainGame/Script/QuickGame/QuickRunner.cs,39,tween_transform,transform.localPosition = pos[currentPos].localPosition;
Assets/MainGame/Script/QuickGame/QuickRunner.cs,91,tween_transform,transform.localPosition = pos[position].localPosition; //초기위치
Assets/MainGame/Script/QuickGame/QuickRunner.cs,95,tween_transform,"GameUITweenPosition.Begin(gameObject, 0.4f, pos[position].localPosition);"
Assets/MainGame/Script/QuickGame/QuickRunner.cs,97,tween_transform,transform.localPosition = pos[position].localPosition;  //다음 베이스
Assets/MainGame/Script/QuickGame/QuickRunner.cs,167,tween_transform,transform.localPosition = pos[FieldParm.HOMEBASE_INDEX].localPosition;
Assets/MainGame/Script/QuickGame/QuickSimulator.cs,199,tween_transform,"arrow.transform.localPosition = new Vector3(-14 + arrowStep * 14, 0, 0);"
Assets/MainGame/Script/QuickGame/QuickSimulator.cs,502,tween_transform,"arrowObj.transform.localScale = new Vector3((bMyTurn ? 1 : -1), 1, 1);"
Assets/MainGame/Script/QuickGame/QuickSimulator.cs,519,dynamic_load,"GameObject uiObj = Util.Load(""MainGame/prefabs/dynamicUI/"" + uiName, Panel.transform, pos);"
Assets/MainGame/Script/QuickGame/QuickSimulator.cs,520,tween_transform,"uiObj.transform.localScale = new Vector3(scale, scale, scale);"
Assets/MainGame/Script/QuickGame/QuickSimulator.cs,763,input_gate,manual.GetComponent<Collider>().enabled = !bActive;
Assets/MainGame/Script/QuickGame/QuickSimulator.cs,881,dynamic_load,"quickBuffUI obj = Util.Load(""MainGame/prefabs/QuickUI/quickBuffPrefab"", trans, new Vector3(0,-12,0)).GetComponent<quickBuffUI>();"
Assets/MainGame/Script/QuickGame/QuickSimulator.cs,1144,tween_transform,"if (count == 0) fieldObj.transform.localPosition = new Vector3(3f, -197, 0);"
Assets/MainGame/Script/QuickGame/QuickSimulator.cs,1145,tween_transform,"else if (count == 0) fieldObj.transform.localPosition = new Vector3(0, -197 + 6, 0);"
Assets/MainGame/Script/QuickGame/QuickSimulator.cs,1146,tween_transform,"else fieldObj.transform.localPosition = new Vector3(-3f, -197, 0);"
Assets/MainGame/Script/QuickGame/QuickSimulator.cs,1152,tween_transform,"fieldObj.transform.localPosition = new Vector3(0, -197, 0);"
Assets/MainGame/Script/QuickGame/QuickSimulator.cs,1475,tween_transform,"arrowObj.transform.localScale = new Vector3((bMyTurn ? 1 : -1), 1, 1);"
Assets/MainGame/Script/QuickGame/QuickSimulator.cs,1483,input_gate,Panel.GetComponent<Animator>().enabled = false;
Assets/MainGame/Script/QuickGame/QuickSimulator.cs,1489,tween_transform,"GameUITweenAlpha.Begin(playerObj, 0.15f, 1);"
Assets/MainGame/Script/QuickGame/QuickSimulator.cs,1844,hierarchy_lookup,"SkeletonAnimation anim = chancePopup.transform.Find(""anim"").GetComponent<SkeletonAnimation>();"
Assets/MainGame/Script/QuickGame/QuickSimulator.cs,1847,hierarchy_lookup,"GameUIElement gauge = chancePopup.transform.Find(""gaugebar"").GetComponent<GameUIElement>();"
Assets/MainGame/Script/QuickGame/QuickSimulator.cs,1924,dynamic_load,"Util.Load(""MainGame/prefabs/gameUI/QuitPopupPrefab"", transform, Vector3.zero).GetComponent<UIQuit>().init(manager);"
Assets/MainGame/Script/QuickGame/QuickSimulator.cs,2717,hierarchy_lookup,"SkeletonAnimation anim = chancePopup.transform.Find(""anim"").GetComponent<SkeletonAnimation>();"
Assets/MainGame/Script/QuickGame/QuickSimulator.cs,2720,hierarchy_lookup,"GameUIElement gauge = chancePopup.transform.Find(""gaugebar"").GetComponent<GameUIElement>();"
Assets/MainGame/Script/QuickGame/QuickSimulator.cs,2821,hierarchy_lookup,"Destroy(GameObject.FindWithTag(""SIMUL_TAG"").gameObject);"
Assets/MainGame/Script/QuickGame/quickBuffUI.cs,26,tween_transform,transform.localScale = Vector3.one;
Assets/MainGame/Script/QuickGame/quickBuffUI.cs,33,tween_transform,label.transform.localPosition = Vector3.zero;
Assets/MainGame/Script/QuickGame/quickBuffUI.cs,41,tween_transform,label.transform.localPosition = Vector3.zero;
Assets/MainGame/Script/QuickGame/quickBuffUI.cs,46,tween_transform,label.transform.localPosition = Vector3.zero;
Assets/MainGame/Script/QuickGame/quickBuffUI.cs,88,tween_transform,"GameUITweenPosition.Begin(gameObject, 0.3f, new Vector3(0, (bDown?-30:30), 0));"
Assets/MainGame/Script/QuickGame/quickBuffUI.cs,89,tween_transform,"GameUITweenAlpha.Begin(gameObject, 0.3f, 0);"
Assets/MainGame/Script/QuickGame/quickBuffUI.cs,122,tween_transform,"GameUITweenAlpha.Begin(gameObject, 0.3f, 0);"
Assets/MainGame/Script/QuickGame/quickField.cs,99,tween_transform,"ball[count].transform.localScale = new Vector3((bInvert ? -95 : 95), 95, 1);"
Assets/MainGame/Script/QuickGame/quickField.cs,112,tween_transform,"ball[count].transform.localScale = new Vector3((bInvert ? -110 : 110), 110, 1);"
Assets/MainGame/Script/QuickGame/quickField.cs,124,tween_transform,"ball[count].transform.localScale = new Vector3((bInvert ? -95 : 95), 95, 1);"
Assets/MainGame/Script/UI/UGUI/FieldOverlayCanvas.cs,44,camera_coordinates,displayCanvas.worldCamera = camera;
Assets/MainGame/Script/UI/UGUI/FieldOverlayCanvas.cs,45,render_order_alpha,displayCanvas.sortingOrder = order;
Assets/MainGame/Script/UI/UGUI/FieldOverlayCanvas.cs,47,input_gate,opacity.blocksRaycasts = opacity.interactable = false;
Assets/MainGame/Script/UI/UGUI/FieldOverlayCanvas.cs,55,hierarchy_lookup,if (panel == null) panel = GetComponentInParent<GameUIPanel>();
Assets/MainGame/Script/UI/UGUI/FieldOverlayCanvas.cs,56,camera_coordinates,if (uiCamera == null) uiCamera = GameUIRoot.FindCameraForLayer(gameObject.layer);
Assets/MainGame/Script/UI/UGUI/FieldOverlayCanvas.cs,57,render_order_alpha,"ApplyRendering(panel != null ? panel.CalculateFinalAlpha(Time.frameCount) : 1,"
Assets/MainGame/Script/UI/UGUI/FieldOverlayCanvas.cs,58,render_order_alpha,"panel != null ? panel.startingRenderQueue : 3000, panel != null ? panel.sortingOrder : 0, uiCamera);"
Assets/MainGame/Script/UI/UGUI/IngameScoreboardView.cs,84,render_order_alpha,"public void SetInheritedRendering(float alpha, int renderQueue, int sortingOrder)"
Assets/MainGame/Script/UI/UGUI/IngameScoreboardView.cs,87,render_order_alpha,displayCanvas.sortingOrder = sortingOrder;
Assets/MainGame/Script/UI/UGUI/IngameUGUICanvas.cs,21,reparenting,"if (ownedInput != null && root != null) ownedInput.transform.SetParent(root, false);"
Assets/MainGame/Script/UI/UGUI/IngameUGUICanvas.cs,35,reparenting,"input.transform.SetParent(inputRoot != null ? inputRoot : transform, false);"
Assets/MainGame/Script/UI/UGUI/IngameUGUICanvas.cs,40,render_order_alpha,"public void SetInheritedRendering(float alpha, int queue, int order, Camera camera, bool allowInput)"
Assets/MainGame/Script/UI/UGUI/IngameUGUICanvas.cs,42,camera_coordinates,displayCanvas.worldCamera = camera;
Assets/MainGame/Script/UI/UGUI/IngameUGUICanvas.cs,43,render_order_alpha,displayCanvas.sortingOrder = order;
Assets/MainGame/Script/UI/UGUI/IngameUGUICanvas.cs,45,input_gate,opacity.blocksRaycasts = opacity.interactable = allowInput && alpha > .001f;
Assets/MainGame/Script/UI/UGUI/Integrated/GameUIClip.cs,19,"camera_coordinates,tween_transform","rect.position = panel.ClipTransform.TransformPoint(new Vector3(clip.x, clip.y, 0));"
Assets/MainGame/Script/UI/UGUI/Integrated/GameUIClip.cs,28,tween_transform,"target.localScale = new Vector3(Divide(scale.x, parentScale.x), Divide(scale.y, parentScale.y), Divide(scale.z, parentScale.z));"
Assets/MainGame/Script/UI/UGUI/Integrated/GameUIElement.cs,33,hierarchy_lookup,public GameUIPanel Panel => panel != null ? panel : (panel = GetComponentInParent<GameUIPanel>());
Assets/MainGame/Script/UI/UGUI/Integrated/GameUIElement.cs,38,render_order_alpha,public float CalculateFinalAlpha() => mColor.a * InheritedAlpha(transform.parent);
Assets/MainGame/Script/UI/UGUI/Integrated/GameUIElement.cs,43,render_order_alpha,if (parent.TryGetComponent<GameUIElement>(out var e)) return e.CalculateFinalAlpha();
Assets/MainGame/Script/UI/UGUI/Integrated/GameUIElement.cs,44,render_order_alpha,if (parent.TryGetComponent<GameUIPanel>(out var p)) return p.CalculateFinalAlpha(Time.frameCount);
Assets/MainGame/Script/UI/UGUI/Integrated/GameUIElement.cs,71,render_order_alpha,private void OnEnable() { GameUIRenderOrder.Register(this); appliedText = appliedSprite = null; Apply(); }
Assets/MainGame/Script/UI/UGUI/Integrated/GameUIElement.cs,72,render_order_alpha,private void OnTransformParentChanged() { panel = null; GameUIRenderOrder.Invalidate(); }
Assets/MainGame/Script/UI/UGUI/Integrated/GameUIElement.cs,73,"render_order_alpha,input_gate",private void OnDisable() { GameUIRenderOrder.Remove(this); if (graphic != null) graphic.enabled = false; foreach (var shadow in shadows) if (shadow != null) shadow.enabled = false; }
Assets/MainGame/Script/UI/UGUI/Integrated/GameUIElement.cs,83,input_gate,graphic.enabled = enabled;
Assets/MainGame/Script/UI/UGUI/Integrated/GameUIElement.cs,84,render_order_alpha,var visibleColor = mColor; visibleColor.a = CalculateFinalAlpha(); graphic.color = visibleColor;
Assets/MainGame/Script/UI/UGUI/Integrated/GameUIElement.cs,89,tween_transform,rect.localPosition = Vector3.zero;
Assets/MainGame/Script/UI/UGUI/Integrated/GameUIElement.cs,105,input_gate,image.enabled = enabled && entry != null;
Assets/MainGame/Script/UI/UGUI/Integrated/GameUIElement.cs,113,tween_transform,"rect.localPosition = new Vector3(mWidth * padding.x / entry.size.x + (size.x - mWidth) * rect.pivot.x,"
Assets/MainGame/Script/UI/UGUI/Integrated/GameUIElement.cs,117,tween_transform,"rect.localScale = new Vector3(flipX ? -1 : 1, flipY ? -1 : 1, 1);"
Assets/MainGame/Script/UI/UGUI/Integrated/GameUIElement.cs,121,tween_transform,rect.localPosition = position;
Assets/MainGame/Script/UI/UGUI/Integrated/GameUIElement.cs,139,input_gate,shadow.enabled = enabled;
Assets/MainGame/Script/UI/UGUI/Integrated/GameUIElement.cs,142,tween_transform,shadow.rectTransform.localPosition = rect.localPosition + (Vector3)shadowOffsets[i];
Assets/MainGame/Script/UI/UGUI/Integrated/GameUIElement.cs,154,render_order_alpha,if (appliedDepth != mDepth) { appliedDepth = mDepth; GameUIRenderOrder.Invalidate(); }
Assets/MainGame/Script/UI/UGUI/Integrated/GameUIElement.cs,155,render_order_alpha,"displayCanvas.sortingOrder = GameUIRenderOrder.Get(Panel, mDepth);"
Assets/MainGame/Script/UI/UGUI/Integrated/GameUIElement.cs,156,camera_coordinates,if (displayCanvas.worldCamera == null) displayCanvas.worldCamera = GameUIRoot.FindCameraForLayer(gameObject.layer);
Assets/MainGame/Script/UI/UGUI/Integrated/GameUIGrid.cs,20,tween_transform,"child.localPosition = arrangement == 0 ? new Vector3(column * cellWidth, -row * cellHeight, child.localPosition.z)"
Assets/MainGame/Script/UI/UGUI/Integrated/GameUIHitTarget.cs,16,hierarchy_lookup,var e = pointer.GetComponentInParent<GameUIElement>();
Assets/MainGame/Script/UI/UGUI/Integrated/GameUIHitTarget.cs,17,"hierarchy_lookup,render_order_alpha","canvas.sortingOrder = GameUIRenderOrder.Get(pointer.GetComponentInParent<GameUIPanel>(), e != null ? e.depth : 0);"
Assets/MainGame/Script/UI/UGUI/Integrated/GameUIHitTarget.cs,18,camera_coordinates,if (canvas.worldCamera == null) canvas.worldCamera = GameUIRoot.FindCameraForLayer(gameObject.layer);
Assets/MainGame/Script/UI/UGUI/Integrated/GameUIHitTarget.cs,35,camera_coordinates,"if (!RectTransformUtility.ScreenPointToWorldPointInRectangle(rectTransform, point, camera, out var world)) return false;"
Assets/MainGame/Script/UI/UGUI/Integrated/GameUIHitTarget.cs,39,camera_coordinates,var p = panel.ClipTransform.InverseTransformPoint(world); var clip = panel.clipRegion;
Assets/MainGame/Script/UI/UGUI/Integrated/GameUIHitTarget.cs,42,camera_coordinates,var local = shape.transform.InverseTransformPoint(world);
Assets/MainGame/Script/UI/UGUI/Integrated/GameUIPanel.cs,20,render_order_alpha,"public int Order => GameUIRenderOrder.Get(this, 0);"
Assets/MainGame/Script/UI/UGUI/Integrated/GameUIPanel.cs,21,render_order_alpha,public int startingRenderQueue => 3000;
Assets/MainGame/Script/UI/UGUI/Integrated/GameUIPanel.cs,22,render_order_alpha,public int sortingOrder => Order;
Assets/MainGame/Script/UI/UGUI/Integrated/GameUIPanel.cs,23,render_order_alpha,public float CalculateFinalAlpha(int frame) => mAlpha * GameUIElement.InheritedAlpha(transform.parent);
Assets/MainGame/Script/UI/UGUI/Integrated/GameUIPanel.cs,24,render_order_alpha,private void OnEnable() { GameUIRenderOrder.Register(this); Apply(); }
Assets/MainGame/Script/UI/UGUI/Integrated/GameUIPanel.cs,25,render_order_alpha,private void OnDisable() { GameUIRenderOrder.Remove(this); }
Assets/MainGame/Script/UI/UGUI/Integrated/GameUIPanel.cs,31,render_order_alpha,if (appliedDepth != mDepth) { appliedDepth = mDepth; GameUIRenderOrder.Invalidate(); }
Assets/MainGame/Script/UI/UGUI/Integrated/GameUIPointer.cs,30,"tween_transform,input_gate",var tween = scaleTarget.GetComponent<GameUITweenScale>(); if (tween != null) tween.enabled = false;
Assets/MainGame/Script/UI/UGUI/Integrated/GameUIPointer.cs,31,tween_transform,scaleTarget.localScale = originalScale;
Assets/MainGame/Script/UI/UGUI/Integrated/GameUIPointer.cs,35,tween_transform,"if (usesScale && scaleTarget != null) GameUITweenScale.Begin(scaleTarget.gameObject, scaleDuration, Vector3.Scale(originalScale, scale)).method = GameUITween.Method.EaseInOut;"
Assets/MainGame/Script/UI/UGUI/Integrated/GameUIRenderOrder.cs,7,render_order_alpha,public static class GameUIRenderOrder
Assets/MainGame/Script/UI/UGUI/Integrated/GameUIRoot.cs,17,camera_coordinates,if (canvas.renderMode == RenderMode.WorldSpace) canvas.worldCamera = uiCamera;
Assets/MainGame/Script/UI/UGUI/Integrated/GameUIRoot.cs,33,camera_coordinates,"float aspect = Screen.width / (float)Mathf.Max(1, Screen.height);"
Assets/MainGame/Script/UI/UGUI/Integrated/GameUIRoot.cs,36,tween_transform,"transform.localScale = Vector3.one * (2 / Mathf.Max(1, height));"
Assets/MainGame/Script/UI/UGUI/Integrated/GameUIRoot.cs,38,camera_coordinates,public static Camera FindCameraForLayer(int layer)
Assets/MainGame/Script/UI/UGUI/Integrated/GameUIRoot.cs,42,camera_coordinates,if (camera.targetTexture == null && (camera.cullingMask & (1 << layer)) != 0 && (selected == null || camera.depth > selected.depth)) selected = camera;
Assets/MainGame/Script/UI/UGUI/Integrated/GameUIScroll.cs,13,input_gate,private void OnEnable() { if (scrollRect != null) scrollRect.enabled = true; }
Assets/MainGame/Script/UI/UGUI/Integrated/GameUIScroll.cs,14,input_gate,private void OnDisable() { if (scrollRect != null) scrollRect.enabled = false; }
Assets/MainGame/Script/UI/UGUI/Integrated/GameUISpriteAnimation.cs,41,input_gate,if (!active && mEndOff && element != null) element.enabled = false;
Assets/MainGame/Script/UI/UGUI/Integrated/GameUITween.cs,6,tween_transform,public abstract class GameUITween : MonoBehaviour
Assets/MainGame/Script/UI/UGUI/Integrated/GameUITween.cs,73,tween_transform,"protected static T Begin<T>(GameObject target, float seconds) where T : GameUITween"
Assets/MainGame/Script/UI/UGUI/Integrated/GameUITween.cs,80,input_gate,tween.factor = 0; tween.direction = 1; tween.started = false; tween.enabled = true;
Assets/MainGame/Script/UI/UGUI/Integrated/GameUITweenAlpha.cs,5,tween_transform,public sealed class GameUITweenAlpha : GameUITween
Assets/MainGame/Script/UI/UGUI/Integrated/GameUITweenAlpha.cs,36,tween_transform,"public static GameUITweenAlpha Begin(GameObject target, float seconds, float end)"
Assets/MainGame/Script/UI/UGUI/Integrated/GameUITweenAlpha.cs,38,tween_transform,"var tween = Begin<GameUITweenAlpha>(target, seconds); tween.from = tween.value; tween.to = end;"
Assets/MainGame/Script/UI/UGUI/Integrated/GameUITweenAlpha.cs,39,input_gate,"if (seconds <= 0) { tween.Sample(1, true); tween.enabled = false; }"
Assets/MainGame/Script/UI/UGUI/Integrated/GameUITweenPosition.cs,4,tween_transform,public sealed class GameUITweenPosition : GameUITween
Assets/MainGame/Script/UI/UGUI/Integrated/GameUITweenPosition.cs,8,tween_transform,public Vector3 value { get => worldSpace ? transform.position : transform.localPosition; set { if (worldSpace) transform.position = value; else transform.localPosition = value; } }
Assets/MainGame/Script/UI/UGUI/Integrated/GameUITweenPosition.cs,12,tween_transform,"public static GameUITweenPosition Begin(GameObject target, float seconds, Vector3 end)"
Assets/MainGame/Script/UI/UGUI/Integrated/GameUITweenPosition.cs,14,tween_transform,"var tween = Begin<GameUITweenPosition>(target, seconds); tween.from = tween.value; tween.to = end;"
Assets/MainGame/Script/UI/UGUI/Integrated/GameUITweenPosition.cs,15,input_gate,"if (seconds <= 0) { tween.Sample(1, true); tween.enabled = false; }"
Assets/MainGame/Script/UI/UGUI/Integrated/GameUITweenRotation.cs,4,tween_transform,public sealed class GameUITweenRotation : GameUITween
Assets/MainGame/Script/UI/UGUI/Integrated/GameUITweenRotation.cs,11,tween_transform,"public static GameUITweenRotation Begin(GameObject target, float seconds, Quaternion end)"
Assets/MainGame/Script/UI/UGUI/Integrated/GameUITweenRotation.cs,13,tween_transform,"var tween = Begin<GameUITweenRotation>(target, seconds); tween.from = target.transform.localEulerAngles; tween.to = end.eulerAngles;"
Assets/MainGame/Script/UI/UGUI/Integrated/GameUITweenRotation.cs,14,input_gate,"if (seconds <= 0) { tween.Sample(1, true); tween.enabled = false; }"
Assets/MainGame/Script/UI/UGUI/Integrated/GameUITweenRotation.cs,17,tween_transform,"public static GameUITweenRotation Begin(GameObject target, float seconds, Vector3 end) { return Begin(target, seconds, Quaternion.Euler(end)); }"
Assets/MainGame/Script/UI/UGUI/Integrated/GameUITweenScale.cs,4,tween_transform,public sealed class GameUITweenScale : GameUITween
Assets/MainGame/Script/UI/UGUI/Integrated/GameUITweenScale.cs,7,tween_transform,public Vector3 value { get => transform.localScale; set => transform.localScale = value; }
Assets/MainGame/Script/UI/UGUI/Integrated/GameUITweenScale.cs,11,tween_transform,"public static GameUITweenScale Begin(GameObject target, float seconds, Vector3 end)"
Assets/MainGame/Script/UI/UGUI/Integrated/GameUITweenScale.cs,13,tween_transform,"var tween = Begin<GameUITweenScale>(target, seconds); tween.from = tween.value; tween.to = end;"
Assets/MainGame/Script/UI/UGUI/Integrated/GameUITweenScale.cs,14,input_gate,"if (seconds <= 0) { tween.Sample(1, true); tween.enabled = false; }"
Assets/MainGame/Script/UI/UGUI/MinimapRunnerView.cs,27,hierarchy_lookup,owner = GetComponentInParent<FieldMinimapView>(true);
Assets/MainGame/Script/UI/UGUI/MinimapRunnerView.cs,35,reparenting,"team.transform.SetParent(owner.teams, false);"
Assets/MainGame/Script/UI/UGUI/MinimapRunnerView.cs,36,reparenting,"namebar.transform.SetParent(owner.namebars, false);"
Assets/MainGame/Script/UI/UGUI/MinimapRunnerView.cs,37,reparenting,"playerName.transform.SetParent(owner.names, false);"
Assets/MainGame/Script/UI/UGUI/MinimapRunnerView.cs,56,"camera_coordinates,tween_transform",visual.position = transform.TransformPoint(offset);
Assets/MainGame/Script/UI/UGUI/MinimapRunnerView.cs,58,tween_transform,visual.localScale = transform.localScale;
Assets/MainGame/Script/UI/UGUI/PitchSelectionButtonView.cs,32,"camera_coordinates,tween_transform",effect.transform.position = transform.TransformPoint(effectOffset);
Assets/MainGame/Script/UI/UGUI/PitchSelectionButtonView.cs,34,tween_transform,"effect.transform.localScale = Vector3.Scale(new Vector3(effectScale, effectScale, 1), transform.localScale);"
Assets/MainGame/Script/UI/UGUI/PitchSelectionButtonView.cs,50,input_gate,pitchName.enabled = sprite != null;
Assets/MainGame/Script/UI/UGUI/PitchSelectionButtonView.cs,61,tween_transform,transform.localScale = Vector3.one;
Assets/MainGame/Script/UI/UGUI/PitchSelectionButtonView.cs,106,input_gate,if (movement != null) movement.enabled = false;
Assets/MainGame/Script/UI/UGUI/PitchSelectionButtonView.cs,107,tween_transform,transform.localScale = Vector3.one;
Assets/MainGame/Script/UI/UGUI/PitchSelectionButtonView.cs,177,tween_transform,"transform.localScale = Vector3.LerpUnclamped(from, target, t);"
Assets/MainGame/Script/UI/UGUI/PitchSelectionButtonView.cs,180,tween_transform,transform.localScale = target;
Assets/MainGame/Script/UI/UGUI/RunnerBaseButton.cs,16,camera_coordinates,"if (!RectTransformUtility.ScreenPointToLocalPointInRectangle((RectTransform)transform, screenPoint, eventCamera, out var local)) return false;"
Assets/MainGame/Script/UI/UGUI/RunnerBaseButton.cs,24,camera_coordinates,"if (RectTransformUtility.ScreenPointToLocalPointInRectangle((RectTransform)other.transform, screenPoint, eventCamera, out var point) &&"
Assets/MainGame/Script/UI/UGUI/ScoreboardPositionTween.cs,19,tween_transform,transform.localPosition = from;
Assets/MainGame/Script/UI/UGUI/ScoreboardPositionTween.cs,26,tween_transform,transform.localPosition = position;
Assets/MainGame/Script/UI/UGUI/ScoreboardPositionTween.cs,34,tween_transform,"transform.localPosition = Vector3.LerpUnclamped(from, to, curve.Evaluate(factor));"
Assets/MainGame/Script/UI/UIBattingCall.cs,143,tween_transform,"_active.transform.localPosition = new Vector3(0, (bPview ? 22 : -160), 0);"
Assets/MainGame/Script/UI/UIBattingCall.cs,146,input_gate,anim.enabled = true;
Assets/MainGame/Script/UI/UIChangeEvent.cs,45,input_gate,anim.enabled = true;
Assets/MainGame/Script/UI/UIChangeEvent.cs,49,tween_transform,"GameUITweenAlpha.Begin(bg.gameObject, 1.0f, 1);"
Assets/MainGame/Script/UI/UIChangeEvent.cs,63,tween_transform,"arrow.transform.localPosition = new Vector3(-15 + count * 15, -108, 0);"
Assets/MainGame/Script/UI/UIChangeEvent.cs,67,tween_transform,"GameUITweenAlpha.Begin(gameObject, 0.4f, 0);"
Assets/MainGame/Script/UI/UIChangeInning.cs,121,tween_transform,"GameUITweenAlpha.Begin(gameObject, 0.5f, 0);"
Assets/MainGame/Script/UI/UIChangeInning.cs,131,tween_transform,"GameUITweenAlpha.Begin(gameObject, 0.5f, 0);"
Assets/MainGame/Script/UI/UIChangeInning.cs,184,tween_transform,wCur.transform.position = wScore[round - 2].transform.position;
Assets/MainGame/Script/UI/UIChangeInning.cs,219,tween_transform,"wArrow.transform.localPosition = new Vector3(-14 + count * 14, -150, 0);"
Assets/MainGame/Script/UI/UIChatting.cs,81,tween_transform,"origin.transform.localPosition = new Vector3(0, -500, 0);"
Assets/MainGame/Script/UI/UIChatting.cs,114,"hierarchy_lookup,tween_transform","GameUITween tween = obj.transform.Find(""light"").GetComponent<GameUITween>();"
Assets/MainGame/Script/UI/UIChatting.cs,133,tween_transform,"leftSkel.transform.localPosition = new Vector3(-628, 101, 0);"
Assets/MainGame/Script/UI/UIChatting.cs,138,tween_transform,"leftSkel.transform.localPosition = new Vector3(-350, 70, 0);"
Assets/MainGame/Script/UI/UIChatting.cs,144,tween_transform,"leftSkel.transform.localPosition = new Vector3(-240, -195, 0);"
Assets/MainGame/Script/UI/UIChatting.cs,146,tween_transform,"leftSkel.transform.localScale = new Vector3(scaleX, scaleY, 100);"
Assets/MainGame/Script/UI/UIChatting.cs,219,tween_transform,"rightSkel.transform.localPosition = new Vector3(628, 101, 0);"
Assets/MainGame/Script/UI/UIChatting.cs,224,tween_transform,"rightSkel.transform.localPosition = new Vector3(350, 70, 0);"
Assets/MainGame/Script/UI/UIChatting.cs,231,tween_transform,"rightSkel.transform.localPosition = new Vector3(240, -195, 0);"
Assets/MainGame/Script/UI/UIChatting.cs,233,tween_transform,"rightSkel.transform.localScale = new Vector3(scaleX, scaleY, 100);"
Assets/MainGame/Script/UI/UIChatting.cs,275,tween_transform,"GameUITweenPosition.Begin(origin, 0.2f, new Vector3(0, -500, 0));"
Assets/MainGame/Script/UI/UIChatting.cs,307,tween_transform,"GameUITweenPosition.Begin(origin, 0.2f, new Vector3(0, -360, 0));"
Assets/MainGame/Script/UI/UIFieldCall.cs,31,input_gate,anim.enabled = false;
Assets/MainGame/Script/UI/UIFieldCall.cs,67,input_gate,doublePlay[i].enabled = true;
Assets/MainGame/Script/UI/UIFieldCall.cs,81,input_gate,for (int i = 0; i < 2; i++) doublePlay[i].enabled = false;
Assets/MainGame/Script/UI/UIFieldCall.cs,93,input_gate,anim.enabled = true;
Assets/MainGame/Script/UI/UIFieldUI.cs,69,tween_transform,"fielderInfo.transform.localPosition = new Vector3(bMyTurn == true ? 472:-472, 299, 0);"
Assets/MainGame/Script/UI/UIFieldUI.cs,163,tween_transform,"slot[i].transform.localScale = new Vector3(1.15f, 1.15f, 1);"
Assets/MainGame/Script/UI/UIFieldUI.cs,198,dynamic_load,"? Instantiate(uguiMinimapRunner, minimap.transform, false).gameObject"
Assets/MainGame/Script/UI/UIFieldUI.cs,199,dynamic_load,": Util.Load(""MainGame/prefabs/ControlUI/miniRunner2"", minimap.transform, Vector3.zero);"
Assets/MainGame/Script/UI/UIFieldUI.cs,245,tween_transform,"GameUITweenAlpha.Begin(changeView.gameObject, 0.4f, 0);"
Assets/MainGame/Script/UI/UILoading.cs,183,tween_transform,"GameUITweenAlpha.Begin(gameObject, 0.5f, 1);"
Assets/MainGame/Script/UI/UILoading.cs,194,hierarchy_lookup,"BallPlayManager manager = GameObject.FindGameObjectWithTag(""BallPlayManager"").GetComponent<BallPlayManager>();"
Assets/MainGame/Script/UI/UILoading.cs,207,dynamic_load,"texture.mainTexture = Resources.Load(""MainGame/Texture/loading/tip"" + tipIndex) as Texture;"
Assets/MainGame/Script/UI/UIOpening.cs,97,hierarchy_lookup,"WalkOff[i].transform.Find(""team"").GetComponent<GameUIElement>().text = (i == 0 ? SimulPlayerManager.strMyTeam : SimulPlayerManager.strCPUTeam);"
Assets/MainGame/Script/UI/UIOpening.cs,108,hierarchy_lookup,"LiveMatch[i].transform.Find(""team"").GetComponent<GameUIElement>().text = (i == 0 ? SimulPlayerManager.strMyTeam : SimulPlayerManager.strCPUTeam);"
Assets/MainGame/Script/UI/UIOpening.cs,118,hierarchy_lookup,"LiveMatch[awayIndex].transform.FindChild(""rank"").GetComponent<GameUIElement>().text = info.awayTeam.point.ToString();"
Assets/MainGame/Script/UI/UIOpening.cs,119,hierarchy_lookup,"LiveMatch[homeIndex].transform.FindChild(""rank"").GetComponent<GameUIElement>().text = info.homeTeam.point.ToString();"
Assets/MainGame/Script/UI/UIOpening.cs,124,hierarchy_lookup,"LiveMatch[awayIndex].transform.FindChild(""wdl"").GetComponent<GameUIElement>().text = awayText;"
Assets/MainGame/Script/UI/UIOpening.cs,128,hierarchy_lookup,"LiveMatch[homeIndex].transform.FindChild(""wdl"").GetComponent<GameUIElement>().text = homeText;"
Assets/MainGame/Script/UI/UIOpening.cs,140,hierarchy_lookup,"LiveMatch[i].transform.Find(""team"").GetComponent<GameUIElement>().text = (i == 0 ? SimulPlayerManager.strMyTeam : SimulPlayerManager.strCPUTeam);"
Assets/MainGame/Script/UI/UIOpening.cs,151,hierarchy_lookup,"SeasonRace[i].transform.Find(""team"").GetComponent<GameUIElement>().text = (i == 0 ? SimulPlayerManager.strMyTeam : SimulPlayerManager.strCPUTeam);"
Assets/MainGame/Script/UI/UIOpening.cs,168,hierarchy_lookup,"SeasonRace[awayIndex].transform.FindChild(""rank"").GetComponent<GameUIElement>().text = awayTeam.ranking.ToString();"
Assets/MainGame/Script/UI/UIOpening.cs,169,hierarchy_lookup,"SeasonRace[awayIndex].transform.FindChild(""wdl"").GetComponent<GameUIElement>().text = info.awayWdl[0] + ""승 "" + info.awayWdl[1] + ""무 "" + info.awayWdl[2] + ""패"";"
Assets/MainGame/Script/UI/UIOpening.cs,171,hierarchy_lookup,"SeasonRace[homeIndex].transform.FindChild(""rank"").GetComponent<GameUIElement>().text = homeTeam.ranking.ToString();"
Assets/MainGame/Script/UI/UIOpening.cs,172,hierarchy_lookup,"SeasonRace[homeIndex].transform.FindChild(""wdl"").GetComponent<GameUIElement>().text = info.homeWdl[0] + ""승 "" + info.homeWdl[1] + ""무 "" + info.homeWdl[2] + ""패"";"
Assets/MainGame/Script/UI/UIOpening.cs,179,hierarchy_lookup,"center[0].transform.FindChild(""Label"").GetComponent<GameUIElement>().text = day.ToString();"
Assets/MainGame/Script/UI/UIOpening.cs,197,dynamic_load,"GameObject obj = Util.Load(""MainGame/prefabs/gameUI/consectiveGamePrefab"", transform, new Vector3(0, 361, 0));"
Assets/MainGame/Script/UI/UIOpening.cs,214,hierarchy_lookup,"SeasonRace[awayIndex].transform.FindChild(""rank"").GetComponent<GameUIElement>().text = awayTeam.ranking.ToString();"
Assets/MainGame/Script/UI/UIOpening.cs,215,hierarchy_lookup,"SeasonRace[awayIndex].transform.FindChild(""wdl"").GetComponent<GameUIElement>().text = awayTeam.win + ""승 "" + awayTeam.draw + ""무 "" + awayTeam.lose + ""패"";"
Assets/MainGame/Script/UI/UIOpening.cs,217,hierarchy_lookup,"SeasonRace[homeIndex].transform.FindChild(""rank"").GetComponent<GameUIElement>().text = homeTeam.ranking.ToString();"
Assets/MainGame/Script/UI/UIOpening.cs,218,hierarchy_lookup,"SeasonRace[homeIndex].transform.FindChild(""wdl"").GetComponent<GameUIElement>().text = homeTeam.win + ""승 "" + homeTeam.draw + ""무 "" + homeTeam.lose + ""패"";"
Assets/MainGame/Script/UI/UIOpening.cs,255,input_gate,anim.enabled = true;
Assets/MainGame/Script/UI/UIOpening.cs,272,tween_transform,"GameUITweenAlpha.Begin(gameObject, 0.5f, 0);"
Assets/MainGame/Script/UI/UIPause.cs,33,dynamic_load,"Util.Load(""MainGame/prefabs/gameUI/QuitPopupPrefab"", transform.parent, Vector3.zero).GetComponent<UIQuit>().init(_manager);"
Assets/MainGame/Script/UI/UIPause.cs,52,hierarchy_lookup,"pvpObj.transform.Find(""count"").GetComponent<GameUIElement>().text = num + ""/3"";"
Assets/MainGame/Script/UI/UIPause.cs,64,tween_transform,"GameUITweenAlpha.Begin(gameObject, 0.3f, 1);"
Assets/MainGame/Script/UI/UIPlayerChange.cs,91,tween_transform,"GameUITweenAlpha.Begin(gameObject, 0.5f, 1);"
Assets/MainGame/Script/UI/UIPlayerChange.cs,368,hierarchy_lookup,"GameUIElement bar1 = gauge[i].transform.Find(""bar1"").GetComponent<GameUIElement>();"
Assets/MainGame/Script/UI/UIPlayerChange.cs,369,hierarchy_lookup,"GameUIElement bar2 = gauge[i].transform.Find(""bar2"").GetComponent<GameUIElement>();"
Assets/MainGame/Script/UI/UIPlayerChange.cs,370,hierarchy_lookup,"GameUIElement Label = gauge[i].transform.Find(""Label"").GetComponent<GameUIElement>();"
Assets/MainGame/Script/UI/UIPlayerChange.cs,371,hierarchy_lookup,"GameUIElement minus = gauge[i].transform.Find(""minus"").GetComponent<GameUIElement>();"
Assets/MainGame/Script/UI/UIPlayerChange.cs,431,hierarchy_lookup,"GameUIElement outbar1 = outGauge[i].transform.Find(""bar1"").GetComponent<GameUIElement>();"
Assets/MainGame/Script/UI/UIPlayerChange.cs,432,hierarchy_lookup,"GameUIElement outbar2 = outGauge[i].transform.Find(""bar2"").GetComponent<GameUIElement>();"
Assets/MainGame/Script/UI/UIPlayerChange.cs,433,hierarchy_lookup,"GameUIElement outLabel = outGauge[i].transform.Find(""Label"").GetComponent<GameUIElement>();"
Assets/MainGame/Script/UI/UIPlayerChange.cs,434,hierarchy_lookup,"GameUIElement outminus = outGauge[i].transform.Find(""minus"").GetComponent<GameUIElement>();"
Assets/MainGame/Script/UI/UIPlayerChange.cs,436,hierarchy_lookup,"GameUIElement inbar1 = inGauge[i].transform.Find(""bar1"").GetComponent<GameUIElement>();"
Assets/MainGame/Script/UI/UIPlayerChange.cs,437,hierarchy_lookup,"GameUIElement inbar2 = inGauge[i].transform.Find(""bar2"").GetComponent<GameUIElement>();"
Assets/MainGame/Script/UI/UIPlayerChange.cs,438,hierarchy_lookup,"GameUIElement inLabel = inGauge[i].transform.Find(""Label"").GetComponent<GameUIElement>();"
Assets/MainGame/Script/UI/UIPlayerChange.cs,439,hierarchy_lookup,"GameUIElement inminus = inGauge[i].transform.Find(""minus"").GetComponent<GameUIElement>();"
Assets/MainGame/Script/UI/UIPlayerChange.cs,623,tween_transform,"GameUITweenAlpha.Begin(gameObject, 0.2f, 0);"
Assets/MainGame/Script/UI/UIPlayerChange.cs,661,hierarchy_lookup,"GameUIElement timerLabel = timerObj.transform.Find(""Label"").GetComponent<GameUIElement>();"
Assets/MainGame/Script/UI/UIPlayerChange.cs,662,hierarchy_lookup,"GameUIElement timerGauge = timerObj.transform.Find(""gauge"").GetComponent<GameUIElement>();"
Assets/MainGame/Script/UI/UIPlayerInfo.cs,55,tween_transform,"BatterObj.transform.localPosition = new Vector3(470, 138, 0);"
Assets/MainGame/Script/UI/UIPlayerInfo.cs,61,tween_transform,"PitcherObj.transform.localPosition = new Vector3(-476, 138, 0);"
Assets/MainGame/Script/UI/UIPlayerInfo.cs,62,tween_transform,"BatterObj.transform.localPosition = new Vector3(470, 138, 0);"
Assets/MainGame/Script/UI/UIPlayerInfo.cs,93,tween_transform,"PitcherObj.transform.localPosition = new Vector3(-795, 138, 0);"
Assets/MainGame/Script/UI/UIPlayerInfo.cs,110,tween_transform,"BatterObj.transform.localPosition = new Vector3(795, 138, 0);"
Assets/MainGame/Script/UI/UIPlayerInfo.cs,161,tween_transform,"PitcherObj.transform.localPosition = new Vector3(-795, 138, 0);"
Assets/MainGame/Script/UI/UIPlayerInfo.cs,162,tween_transform,"BatterObj.transform.localPosition = new Vector3(795, 138, 0);"
Assets/MainGame/Script/UI/UIPlayerInfo.cs,181,tween_transform,"GameUITweenAlpha.Begin(gameObject, 0.5f, 0);"
Assets/MainGame/Script/UI/UIQuit.cs,15,tween_transform,transform.localScale = Vector3.one;
Assets/MainGame/Script/UI/UIQuit.cs,16,tween_transform,transform.localPosition = Vector3.zero;
Assets/MainGame/Script/UI/UIQuit.cs,36,hierarchy_lookup,"Destroy(GameObject.FindWithTag(""SIMUL_TAG"").gameObject);"
Assets/MainGame/Script/UI/UIScoreBoard.cs,21,camera_coordinates,uguiView.displayCanvas.worldCamera = GameUIRoot.FindCameraForLayer(gameObject.layer);
Assets/MainGame/Script/UI/UIScoreBoard.cs,27,render_order_alpha,"uguiView.SetInheritedRendering(scoreboardPanel.CalculateFinalAlpha(Time.frameCount),"
Assets/MainGame/Script/UI/UIScoreBoard.cs,28,render_order_alpha,"scoreboardPanel.startingRenderQueue, scoreboardPanel.sortingOrder);"
Assets/MainGame/Script/UI/UIScoreBoard.cs,34,tween_transform,else board.transform.localPosition = position;
Assets/MainGame/Script/UI/UIScoreBoard.cs,104,tween_transform,"topUI.transform.localPosition = new Vector3(700, 35, 0);"
Assets/MainGame/Script/UI/UIScoreBoard.cs,154,tween_transform,"topUI.transform.localPosition = new Vector3(480, 35, 0);"
Assets/MainGame/Script/UI/UIScoreBoard.cs,165,tween_transform,GameUITween tween1 = board.GetComponent<GameUITweenPosition>();
Assets/MainGame/Script/UI/UIScoreBoard.cs,176,tween_transform,GameUITween tween2 = topUI.GetComponent<GameUITweenPosition>();
Assets/MainGame/Script/UI/UIScoreBoard.cs,193,tween_transform,"topUI.transform.localPosition = new Vector3(700, 35, 0);"
Assets/MainGame/Script/UI/UIScoreBoard.cs,224,tween_transform,"topUI.transform.localPosition = new Vector3(700, 35, 0);"
Assets/MainGame/Script/UI/UIScoreBoard.cs,359,input_gate,autoButton.GetComponent<Collider>().enabled = !bActive;
Assets/MainGame/Script/UI/UIScoreBoard.cs,399,tween_transform,"GameUITweenPosition.Begin(Timer, 0.2f, new Vector3(0, (155*1.5f), 0));"
Assets/MainGame/Script/UI/UIScoreBoard.cs,413,tween_transform,"GameUITweenPosition.Begin(Timer, 0.2f, new Vector3(0, 88, 0));"
Assets/MainGame/Script/UI/UIScoreBoard.cs,427,tween_transform,"GameUITweenPosition.Begin(Timer, 0.2f, new Vector3(0, 155*1.5f, 0));"
Assets/MainGame/Script/UI/UIScoreShow.cs,52,input_gate,myTeam[0].enabled = !bHome;
Assets/MainGame/Script/UI/UIScoreShow.cs,53,input_gate,myTeam[1].enabled = bHome;
Assets/MainGame/Script/UI/UIScoreShow.cs,63,input_gate,myTeam[0].enabled = true;// !_manager.bMyHome;
Assets/MainGame/Script/UI/UIScoreShow.cs,64,input_gate,myTeam[1].enabled = false;// _manager.bMyHome;
Assets/MainGame/Script/UI/UIScoreShow.cs,99,tween_transform,scorePanel[i].transform.localScale = Vector3.one;
Assets/MainGame/Script/UI/UIScoreShow.cs,101,tween_transform,scoreAlphaPanel[i].transform.localScale = Vector3.one;
Assets/MainGame/Script/UI/UIScoreShow.cs,102,tween_transform,GameUITweenAlpha a = scorePanel[i].GetComponent<GameUITweenAlpha>();
Assets/MainGame/Script/UI/UIScoreShow.cs,103,tween_transform,GameUITweenScale b = scorePanel[i].GetComponent<GameUITweenScale>();
Assets/MainGame/Script/UI/UIScoreShow.cs,104,tween_transform,GameUITweenAlpha c = scoreAlphaPanel[i].GetComponent<GameUITweenAlpha>();
Assets/MainGame/Script/UI/UIScoreShow.cs,105,tween_transform,GameUITweenScale d = scoreAlphaPanel[i].GetComponent<GameUITweenScale>();
Assets/MainGame/Script/UI/UIScoreShow.cs,117,input_gate,light[0].enabled = bTopInning;
Assets/MainGame/Script/UI/UIScoreShow.cs,118,input_gate,light[1].enabled = !bTopInning;
Assets/MainGame/Script/UI/UIScoreShow.cs,130,tween_transform,scorePanel[i].transform.localScale = Vector3.one;
Assets/MainGame/Script/UI/UIScoreShow.cs,132,tween_transform,scoreAlphaPanel[i].transform.localScale = Vector3.one;
Assets/MainGame/Script/UI/UIScoreShow.cs,134,tween_transform,GameUITweenAlpha a = scorePanel[i].GetComponent<GameUITweenAlpha>();
Assets/MainGame/Script/UI/UIScoreShow.cs,135,tween_transform,GameUITweenScale b = scorePanel[i].GetComponent<GameUITweenScale>();
Assets/MainGame/Script/UI/UIScoreShow.cs,136,tween_transform,GameUITweenAlpha c = scoreAlphaPanel[i].GetComponent<GameUITweenAlpha>();
Assets/MainGame/Script/UI/UIScoreShow.cs,137,tween_transform,GameUITweenScale d = scoreAlphaPanel[i].GetComponent<GameUITweenScale>();
Assets/MainGame/Script/UI/UIScoreShow.cs,150,input_gate,light[0].enabled = manager.bMyTurn;
Assets/MainGame/Script/UI/UIScoreShow.cs,151,input_gate,light[1].enabled = !manager.bMyTurn;
Assets/MainGame/Script/UI/UIScoreShow.cs,157,input_gate,anim.enabled = true;
Assets/MainGame/Script/UI/UIScoreShow.cs,174,tween_transform,"GameUITweenAlpha.Begin(scorePanel[i].gameObject, 0.3f, 1);"
Assets/MainGame/Script/UI/UIScoreShow.cs,180,tween_transform,"scoreAlphaPanel[curIndex].transform.localScale = new Vector3(2, 2);"
Assets/MainGame/Script/UI/UIScoreShow.cs,181,tween_transform,"GameUITweenScale.Begin(scoreAlphaPanel[curIndex].gameObject, 0.2f, Vector3.one);"
Assets/MainGame/Script/UI/UIScoreShow.cs,182,tween_transform,"GameUITweenAlpha.Begin(scorePanel[curIndex].gameObject, 0.2f, 0);"
Assets/MainGame/Script/UI/UIScoreShow.cs,194,tween_transform,"GameUITweenAlpha.Begin(scorePanel[curIndex].gameObject, 0.3f, 0);"
Assets/MainGame/Script/UI/UIScoreShow.cs,195,tween_transform,"GameUITweenScale.Begin(scorePanel[curIndex].gameObject, 0.3f, new Vector3(1.5f, 1.5f, 1));"
Assets/MainGame/Script/UI/UIStarting.cs,104,hierarchy_lookup,"infoSpr[i] = gaugeObj[i].transform.Find(""name"").GetComponent<GameUIElement>();"
Assets/MainGame/Script/UI/UIStarting.cs,300,hierarchy_lookup,"Util.SetSpritePixelPerfect(box.Find(""logo"").GetComponent<GameUIElement>(), ""logo_"" + teamIndex);"
Assets/MainGame/Script/UI/UIStarting.cs,302,hierarchy_lookup,"Util.SetSpritePixelPerfect(box.FindChild(""logo"").GetComponent<GameUIElement>(), ""logo_"" + (int)curPlayer.getPlayerData().eTeam);"
Assets/MainGame/Script/UI/UIStarting.cs,305,hierarchy_lookup,"box.Find(""num"").GetComponent<GameUIElement>().text = (count+1).ToString();"
Assets/MainGame/Script/UI/UIStarting.cs,306,hierarchy_lookup,"box.Find(""lineup"").GetComponent<GameUIElement>().text = curPlayer.getName();"
Assets/MainGame/Script/UI/UIStarting.cs,324,hierarchy_lookup,"Util.SetSpritePixelPerfect(box.Find(""logo"").GetComponent<GameUIElement>(), ""logo_"" + teamIndex);"
Assets/MainGame/Script/UI/UIStarting.cs,326,hierarchy_lookup,"Util.SetSpritePixelPerfect(box.Find(""logo"").GetComponent<GameUIElement>(), ""logo_"" + (int)curPlayer.getPlayerData().eTeam);"
Assets/MainGame/Script/UI/UIStarting.cs,399,tween_transform,"GameUITweenAlpha.Begin(_text_active, 0.2f, 0);"
Assets/MainGame/Script/UI/UIStarting.cs,410,tween_transform,GameUITween tween = CameraManager.GetInstance().GetComponent<GameUITween>();
Assets/MainGame/Script/UI/UIStarting.cs,413,input_gate,tween.enabled = false;
Assets/MainGame/Script/UI/UIStarting.cs,415,tween_transform,"GameUITweenAlpha.Begin(gameObject, 0.5f, 0);"
Assets/MainGame/Script/UI/UIWalkOff.cs,22,tween_transform,"arrow.transform.localPosition = new Vector3((38 + step * 13), -24, 0);"
Assets/MainGame/Script/UI/ui_etc/HitEffect.cs,54,tween_transform,"hitEffectAnim.transform.localPosition = new Vector3(x, y + 197, -90);"
Assets/MainGame/Script/UI/ui_etc/HitEffect.cs,55,tween_transform,"hitEffectAnim.transform.localScale = new Vector3(scale, scale, 100);"
Assets/MainGame/Script/UI/ui_etc/HitEffect.cs,58,input_gate,hitEffectAnim.GetComponent<Renderer>().enabled = true;
Assets/MainGame/Script/UI/ui_etc/HitEffect.cs,67,input_gate,hitEffectAnim.GetComponent<Renderer>().enabled = false;
Assets/MainGame/Script/UI/ui_etc/changeController.cs,63,input_gate,GetComponent<GameUIElement>().enabled = true;
Assets/MainGame/Script/UI/ui_etc/consectiveGameUI.cs,12,tween_transform,transform.localScale = Vector3.one;
Assets/MainGame/Script/UI/ui_etc/consectiveGameUI.cs,13,hierarchy_lookup,"transform.Find(""Label"").GetComponent<GameUIElement>().text = (11 - Mode.ConsecutiveNum) + ""/10"";"
Assets/MainGame/Script/UI/ui_etc/infoCard.cs,34,hierarchy_lookup,"basicInfo.transform.Find(""name"").gameObject.GetComponent<GameUIElement>().text = player.getName();"
Assets/MainGame/Script/UI/ui_etc/infoCard.cs,36,hierarchy_lookup,"basicInfo.transform.Find(""logo"").gameObject.GetComponent<GameUIElement>().spriteName = ""logo_"" + team;"
Assets/MainGame/Script/UI/ui_etc/infoCard.cs,39,hierarchy_lookup,"Util.SetSpritePixelPerfect(basicInfo.transform.FindChild(""logo"").gameObject.GetComponent<GameUIElement>(), ""logo_"" + (int)player.getPlayerData().eTeam);"
Assets/MainGame/Script/UI/ui_etc/infoCard.cs,57,tween_transform,"skillInfo.transform.localPosition = new Vector3(0, -244, 0);"
Assets/MainGame/Script/UI/ui_etc/infoCard.cs,71,tween_transform,"slot[i].transform.localScale = new Vector3(1.15f, 1.15f, 1);"
Assets/MainGame/Script/UI/ui_etc/infoCard.cs,72,hierarchy_lookup,"slot[i].transform.FindChild(""effect"").gameObject.SetActive(false);"
Assets/MainGame/Script/UI/ui_etc/infoCard.cs,129,tween_transform,"todayStat.transform.localPosition = new Vector3(0, -303, 0);"
Assets/MainGame/Script/UI/ui_etc/infoCard.cs,138,hierarchy_lookup,"GameUIElement pos = basicInfo.transform.Find(""pos"").gameObject.GetComponent<GameUIElement>();"
Assets/MainGame/Script/UI/ui_etc/infoCard.cs,142,hierarchy_lookup,"GameUIElement overallLabel = basicInfo.transform.Find(""overrall"").gameObject.GetComponent<GameUIElement>();"
Assets/MainGame/Script/UI/ui_etc/infoCard.cs,153,tween_transform,transform.localPosition = startPos;
Assets/MainGame/Script/UI/ui_etc/infoCard.cs,162,hierarchy_lookup,"todayStat.transform.Find(""Label1"").GetComponent<GameUIElement>().text = ""[75ACEAFF]자책 [ffffff]"" + player.getStat(Param.ST_PER) + ""[75ACEAFF]   피안 [ffffff]"" + player.getStat(Param.ST_PH) + ""[75ACEAFF]   삼진 [ffffff]"" + player.getStat(Param.ST_PSO) + ""[-]"";"
Assets/MainGame/Script/UI/ui_etc/infoCard.cs,180,tween_transform,"todayStat.transform.localPosition = new Vector3(0, -303, 0);"
Assets/MainGame/Script/UI/ui_etc/infoCard.cs,181,hierarchy_lookup,"todayStat.transform.Find(""Label1"").GetComponent<GameUIElement>().text = ""[75ACEAFF]안타 [FFFFFF]"" + player.getStat(Param.ST_H) + ""/"" + (player.getStat(Param.ST_AB) - 1) + ""   [75ACEAFF]홈런 [FFFFFF]"" + player.getStat(Param.ST_HR) + ""   [75ACEAFF]타점 [FFFFFF]"" + player.getStat(Param.ST_RBI) + ""   [75ACEAFF]도루 [FFFFFF]"" + player.getStat(Param.ST_SBS) + ""[-]"";"
Assets/MainGame/Script/UI/ui_etc/infoCard.cs,187,hierarchy_lookup,"GameUIElement pos = basicInfo.transform.Find(""pos"").gameObject.GetComponent<GameUIElement>();"
Assets/MainGame/Script/UI/ui_etc/infoCard.cs,191,hierarchy_lookup,"GameUIElement overallLabel = basicInfo.transform.Find(""overrall"").gameObject.GetComponent<GameUIElement>();"
Assets/MainGame/Script/UI/ui_etc/infoCard.cs,202,tween_transform,transform.localPosition = startPos;
Assets/MainGame/Script/UI/ui_etc/infoCard.cs,224,tween_transform,GameUITween tween1 = GetComponent<GameUITweenPosition>();
Assets/MainGame/Script/UI/ui_etc/infoCard.cs,230,tween_transform,"GameUITweenAlpha.Begin(todayInfo.gameObject, 0.2f, 0);"
Assets/MainGame/Script/UI/ui_etc/infoCard.cs,231,tween_transform,"GameUITweenPosition.Begin(skillInfo.gameObject, 0.2f, new Vector3(0,-37,0));"
Assets/MainGame/Script/UI/ui_etc/infoCard.cs,245,tween_transform,"todayStat.transform.localPosition = new Vector3(0, statPosY, 0);"
Assets/MainGame/Script/UI/ui_etc/infoCard.cs,249,tween_transform,"todayStat.transform.localPosition = new Vector3(0, statPosY, 0);"
Assets/MainGame/Script/UI/ui_etc/infoCard.cs,259,tween_transform,"skillInfo.transform.localPosition = new Vector3(0, -37, 0);"
Assets/MainGame/Script/UI/ui_etc/infoCard.cs,262,tween_transform,GameUITween tween1 = GetComponent<GameUITweenPosition>();
Assets/MainGame/Script/UI/ui_etc/infoCard.cs,321,dynamic_load,"quickBuffUI obj = Util.Load(""MainGame/prefabs/QuickUI/actionBuffPrefab"", todayStat.transform, Vector3.zero).GetComponent<quickBuffUI>();"
Assets/MainGame/Script/UI/ui_etc/infoCard.cs,333,dynamic_load,"quickBuffUI obj = Util.Load(""MainGame/prefabs/QuickUI/actionBuffPrefab"", todayStat.transform, Vector3.zero).GetComponent<quickBuffUI>();"
Assets/MainGame/Script/UI/ui_etc/infoCard.cs,352,hierarchy_lookup,"slot[i].transform.FindChild(""effect"").gameObject.SetActive(true);"
Assets/MainGame/Script/UI/ui_etc/infoCard.cs,375,hierarchy_lookup,"GameObject effect = slot[i].transform.FindChild(""effect"").gameObject;"
Assets/MainGame/Script/UI/ui_etc/miniRunner.cs,44,tween_transform,transform.localScale = Vector3.one;
Assets/MainGame/Script/UI/ui_etc/miniRunner.cs,69,tween_transform,"transform.localPosition = new Vector3(0, -84, 0);"
Assets/MainGame/Script/UI/ui_etc/miniRunner.cs,73,tween_transform,"transform.localPosition = new Vector3(84, 0, 0);"
Assets/MainGame/Script/UI/ui_etc/miniRunner.cs,77,tween_transform,"transform.localPosition = new Vector3(0, 84, 0);"
Assets/MainGame/Script/UI/ui_etc/miniRunner.cs,81,tween_transform,"transform.localPosition = new Vector3(-84, 0, 0);"
Assets/MainGame/Script/UI/ui_etc/miniRunner.cs,139,tween_transform,"transform.localPosition = new Vector3(xPos, yPos,0);"
Assets/MainGame/Script/UI/ui_etc/miniRunner.cs,155,tween_transform,"transform.localPosition = new Vector3(xPos, yPos, 0);"
Assets/MainGame/Script/UI/ui_etc/perfectTimer.cs,14,tween_transform,"scale.transform.localScale = new Vector3(2, 2, 1);"
Assets/MainGame/Script/UI/ui_etc/perfectTimer.cs,15,tween_transform,"GameUITweenScale.Begin(scale, remainTime, new Vector3(0.1f,  0.1f, 1));"
Assets/MainGame/Script/UI/ui_etc/pitchingSelectButton.cs,51,tween_transform,"transform.localPosition = new Vector3(400 + (20 * slot), (66 * slot), 0);"
Assets/MainGame/Script/UI/ui_etc/pitchingSelectButton.cs,77,tween_transform,"effect.transform.localScale = new Vector3(0.3f, 0.3f, 1);"
Assets/MainGame/Script/UI/ui_etc/pitchingSelectButton.cs,78,tween_transform,"GameUITweenAlpha.Begin(effect.gameObject, 0.4f, 1).ResetToBeginning();"
Assets/MainGame/Script/UI/ui_etc/pitchingSelectButton.cs,79,tween_transform,"GameUITweenScale.Begin(effect.gameObject, 0.4f, new Vector3(0.87f, 0.87f, 1)).ResetToBeginning();"
Assets/MainGame/Script/UI/ui_etc/pitchingSelectButton.cs,99,tween_transform,"GameUITweenPosition.Begin(gameObject, 0.2f, new Vector3((20 * type) - 50, (66 * type), 0));"
Assets/MainGame/Script/UI/ui_etc/pitchingSelectButton.cs,101,tween_transform,"GameUITweenPosition.Begin(gameObject, 0.1f, new Vector3((20 * type), (66 * type), 0));"
Assets/MainGame/Script/UI/ui_etc/pitchingSelectButton.cs,116,tween_transform,"GameUITweenPosition.Begin(gameObject, 0.1f, new Vector3((20 * type) - 50, (66 * type), 0));"
Assets/MainGame/Script/UI/ui_etc/pitchingSelectButton.cs,118,tween_transform,"GameUITweenPosition.Begin(gameObject, 0.2f, new Vector3((20 * type) + 500, (66 * type), 0));"
Assets/MainGame/Script/UI/ui_etc/scoreboard.cs,26,hierarchy_lookup,"logo[i] = teamObj[i].transform.Find(""logo"").GetComponent<GameUIElement>();"
Assets/MainGame/Script/UI/ui_etc/scoreboard.cs,27,hierarchy_lookup,"teamName[i] = teamObj[i].transform.Find(""teamLabel"").GetComponent<GameUIElement>();"
Assets/MainGame/Script/UI/ui_etc/scoreboard.cs,29,hierarchy_lookup,"Transform scoreTrans = teamObj[i].transform.Find(""score"");"
Assets/MainGame/Script/UI/ui_etc/scoreboard.cs,40,hierarchy_lookup,"Transform statTrans = teamObj[i].transform.Find(""stat"");"
Assets/MainGame/Script/UI/ui_etc/scoreboard.cs,51,hierarchy_lookup,"indicator[i] = teamObj[i].transform.Find(""indicator"").gameObject;"
Assets/MainGame/Script/UI/ui_etc/scoreboard.cs,81,tween_transform,"logo[0].transform.localScale = new Vector2(0.75f, 0.75f);"
Assets/MainGame/Script/UI/ui_etc/scoreboard.cs,82,tween_transform,"logo[1].transform.localScale = new Vector2(0.75f, 0.75f);"
Assets/MainGame/Script/UI/ui_etc/scoreboard.cs,127,tween_transform,"cur.transform.position = score[bTopInning ? 0 : 1, (inning - 1)].transform.position;"
Assets/MainGame/Script/UI/ui_etc/skillUISetter.cs,30,camera_coordinates,public Camera captureCamera;
Assets/MainGame/Script/UI/ui_etc/skillUISetter.cs,135,dynamic_load,"GameObject skillAnim = Util.Load(""MainGame/prefabs/skillUI/skill"" + skillID, front.transform, Vector3.zero);"
Assets/MainGame/Script/UI/ui_etc/skillUISetter.cs,140,tween_transform,"skillAnim.transform.localScale = new Vector3(100, 100, 100);"
Assets/MainGame/Script/UI/ui_etc/skillUISetter.cs,141,hierarchy_lookup,"textPos = skillAnim.transform.Find(""Root"");//.FindChild(""root"").FindChild(""text_01"").FindChild(""position"").transform;"
Assets/MainGame/Script/UI/ui_etc/skillUISetter.cs,144,hierarchy_lookup,"Transform skillPos = textPos.Find(""root"").Find(""text_01"").Find(bLeftPosition?""left"":""right"").transform;"
Assets/MainGame/Script/UI/ui_etc/skillUISetter.cs,145,reparenting,skillStot.transform.parent = skillPos;
Assets/MainGame/Script/UI/ui_etc/skillUISetter.cs,146,tween_transform,skillStot.transform.localScale = Vector3.one;
Assets/MainGame/Script/UI/ui_etc/skillUISetter.cs,147,tween_transform,skillStot.transform.localPosition = Vector3.zero;
Assets/MainGame/Script/UI/ui_etc/skillUISetter.cs,153,tween_transform,"transform.localPosition = new Vector3(bLeftPosition == true ? leftInitPos : rightInitPos, 0, 0);"
Assets/MainGame/Script/UI/ui_etc/skillUISetter.cs,158,tween_transform,"GameUITweenAlpha.Begin(backSpr, 0.2f, 1);"
Assets/MainGame/Script/UI/ui_etc/skillUISetter.cs,161,tween_transform,"GameUITweenPosition.Begin(gameObject, backUITime, new Vector3(bLeftPosition == true ? leftPos : rightPos, 0, 0));"
Assets/MainGame/Script/UI/ui_etc/skillUISetter.cs,164,"hierarchy_lookup,tween_transform","GameUITween tweener = bg.transform.Find(""spr"").GetComponent<GameUITween>();"
Assets/MainGame/Script/UI/ui_etc/skillUISetter.cs,167,input_gate,tweener.enabled = true;
Assets/MainGame/Script/UI/ui_etc/skillUISetter.cs,173,tween_transform,"GameUITweenPosition.Begin(skillStot.gameObject, spineWaitTime - 0.05f, new Vector3((bLeftPosition == true ?55:-55), 52, 0));"
Assets/MainGame/Script/UI/ui_etc/skillUISetter.cs,199,camera_coordinates,"setCature(captureCamera, Color.white);"
Assets/MainGame/Script/UI/ui_etc/skillUISetter.cs,200,tween_transform,GameUITween tween = catureTexture.gameObject.GetComponent<GameUITween>();
Assets/MainGame/Script/UI/ui_etc/skillUISetter.cs,211,tween_transform,"GameUITweenPosition.Begin(gameObject, 0.2f, new Vector3(bLeftPosition == true ? leftInitPos : rightInitPos, 0, 0));"
Assets/MainGame/Script/UI/ui_etc/skillUISetter.cs,212,tween_transform,"GameUITweenAlpha.Begin(backSpr, 0.2f, 0);"
Assets/MainGame/Script/UI/ui_etc/skillUISetter.cs,251,reparenting,skillStot.transform.parent = front.transform;
Assets/MainGame/Script/UI/ui_etc/skillUISetter.cs,252,tween_transform,"skillStot.transform.localPosition = new Vector3(bLeftPosition?-250:250, 52, 0);"
Assets/MainGame/Script/UI/ui_etc/skillUISetter.cs,320,dynamic_load,"bg = Util.Load(""MainGame/prefabs/skillUI/bg/bg_"" + bgType.ToString(), back.transform, Vector3.zero);"
Assets/MainGame/Script/UI/ui_etc/skillUISetter.cs,321,tween_transform,"bg.transform.localScale = new Vector3((bLeftPosition ? 1 : -1), 1, 1);"
Assets/MainGame/Script/UI/ui_etc/skillUISetter.cs,358,camera_coordinates,"setCature(captureCamera,Color.gray);"
Assets/MainGame/Script/UI/ui_etc/skillUISetter.cs,368,tween_transform,"GameUITweenAlpha.Begin(backSpr, 0.2f, 0);"
Assets/MainGame/Script/UI/ui_etc/skillUISetter.cs,369,tween_transform,"GameUITweenAlpha.Begin(catureTexture.gameObject, 0.2f, 0);"
Assets/MainGame/Script/UI/ui_etc/skillUISetter.cs,370,tween_transform,"GameUITweenAlpha.Begin(gameObject, 0.2f, 0);"
Assets/MainGame/Script/UI/ui_etc/spriteNumber.cs,37,tween_transform,"num[0].transform.localPosition = new Vector3(-gabX * 2, 0, 0);"
Assets/MainGame/Script/UI/ui_etc/spriteNumber.cs,38,tween_transform,"num[1].transform.localPosition = new Vector3(0, 0, 0);"
Assets/MainGame/Script/UI/ui_etc/spriteNumber.cs,39,tween_transform,"num[2].transform.localPosition = new Vector3(gabX * 2, 0, 0);"
Assets/MainGame/Script/UI/ui_etc/spriteNumber.cs,47,tween_transform,"num[0].transform.localPosition = new Vector3(-gabX, 0, 0);"
Assets/MainGame/Script/UI/ui_etc/spriteNumber.cs,48,tween_transform,"num[1].transform.localPosition = new Vector3(gabX, 0, 0);"
Assets/MainGame/Script/UI/ui_etc/spriteNumber.cs,54,tween_transform,"num[0].transform.localPosition = new Vector3(0, 0, 0);"
Assets/MainGame/Script/UI/ui_etc/vsUISetter.cs,78,tween_transform,"loseEffect.transform.localPosition = new Vector3(loseIndex == 0 ? -440 : 440, 110, 0);"
Assets/MainGame/Script/util/Util.cs,145,dynamic_load,"GameObject _obj = GameObject.Instantiate(Resources.Load(res), Vector3.zero, Quaternion.identity) as GameObject;"
Assets/MainGame/Script/util/Util.cs,148,reparenting,_obj.transform.parent = parent.transform;
Assets/MainGame/Script/util/Util.cs,149,tween_transform,_obj.transform.localPosition = pos;
Assets/MainGame/Script/util/Util.cs,153,tween_transform,_obj.transform.position = pos;
Assets/MainGame/Script/util/Util.cs,287,dynamic_load,"return Resources.Load(""TeamLogo/Middle/LOGO00"" + index + ""_M"") as Texture;"
Assets/MainGame/Script/util/Util.cs,292,dynamic_load,"return Resources.Load(""MainGame/Texture/logo/team"" + index) as Texture;"
Assets/MainGame/Script/util/Util.cs,297,dynamic_load,"return Resources.Load(""MainGame/Texture/logo/team_small"" + index) as Texture;"
Assets/MainGame/Script/util/Util.cs,304,camera_coordinates,camera.targetTexture = tempRT;
Assets/MainGame/Script/util/Util.cs,314,camera_coordinates,camera.targetTexture = null;
Assets/MainGame/Script/util/Util.cs,325,camera_coordinates,camera.targetTexture = tempRT;
Assets/MainGame/Script/util/Util.cs,344,camera_coordinates,camera.targetTexture = null;
Assets/MainGame/Script/util/Util.cs,397,camera_coordinates,camera.targetTexture = tempRT;
Assets/MainGame/Script/util/Util.cs,572,tween_transform,var native = obj.GetComponent<GameUITween>();
Assets/MainGame/Script/util/Util.cs,576,input_gate,tween.enabled = true;
Assets/MainGame/Script/util/Util.cs,604,tween_transform,var native = obj.GetComponent<GameUITween>();
Assets/MainGame/Script/util/Util.cs,614,tween_transform,var native = obj.GetComponent<GameUITween>();
Assets/MainGame/Script/util/Util.cs,625,input_gate,anim.enabled = true;
